frame,track_id,class,method,speed_kmh,accel_mps2,x_px,y_px
36,1,MBT,linear_trap_event,83.82,0.0,548,516
62,4,PC,linear_trap_event,86.34,0.0,570,516
79,8,PC,linear_trap_event,67.55,0.0,663,544
89,6,PC,linear_trap_event,40.76,0.0,791,574
101,3,SUV,linear_trap_event,39.02,0.0,957,620
104,21,PC,linear_trap_event,86.39,-0.102,548,508
109,10,PC,linear_trap_event,55.26,0.0,685,542
194,9,HV,linear_trap_event,38.18,-0.073,978,630
207,64,SUV,linear_trap_event,62.48,0.0,682,542
223,69,PC,linear_trap_event,68.69,0.095,574,517
233,82,PC,linear_trap_event,62.34,0.0,681,543
238,81,PC,linear_trap_event,68.82,0.0,557,508
254,83,PC,linear_trap_event,69.48,0.141,553,512
272,100,PC,linear_trap_event,50.53,0.0,809,577
274,74,MBT,linear_trap_event,69.31,-0.145,580,517
274,78,PC,linear_trap_event,60.8,0.071,652,539
283,37,LCV,linear_trap_event,38.51,0.099,949,620
295,101,SUV,linear_trap_event,62.19,0.178,672,545
307,75,SUV,linear_trap_event,44.53,0.428,806,579
323,62,PC,linear_trap_event,55.17,0.752,695,552
326,94,PC,linear_trap_event,66.09,-0.062,561,510
331,88,PC,linear_trap_event,49.55,-0.399,841,585
348,111,PC,linear_trap_event,72.64,-0.139,568,509
359,106,LCV,linear_trap_event,51.68,0.379,943,617
367,93,LCV,linear_trap_event,56.64,0.223,679,546
381,135,PC,linear_trap_event,76.01,-0.276,567,508
392,159,PC,linear_trap_event,81.19,-0.845,569,517
395,137,PC,linear_trap_event,51.72,-0.025,939,619
408,146,LCV,linear_trap_event,57.52,0.112,801,583
447,132,SUV,linear_trap_event,54.23,-0.202,927,619
461,170,LCV,linear_trap_event,70.59,-0.151,760,575
470,201,PC,linear_trap_event,84.66,-0.086,566,507
504,197,LCV,linear_trap_event,52.69,-0.175,934,613
524,196,PC,linear_trap_event,64.97,0.164,694,543
534,222,SUV,linear_trap_event,67.15,-0.313,795,583
547,210,PC,linear_trap_event,55.57,-0.433,941,618
557,233,PC,linear_trap_event,69.25,0.172,812,579
589,246,PC,linear_trap_event,60.81,0.039,693,543
591,250,PC,linear_trap_event,69.04,0.016,801,577
615,251,PC,linear_trap_event,77.3,0.217,948,618
617,253,PC,linear_trap_event,60.51,0.031,683,548
621,261,PC,linear_trap_event,78.05,0.13,570,518
646,276,PC,linear_trap_event,82.27,-0.092,574,518
685,259,PC,linear_trap_event,59.86,0.093,793,575
713,318,PC,linear_trap_event,85.76,0.0,572,514
718,281,MBT,linear_trap_event,65.09,0.097,679,540
725,284,PC,linear_trap_event,60.11,-0.149,810,578
733,289,PC,linear_trap_event,66.63,0.022,952,621
747,298,PC,linear_trap_event,65.67,0.118,674,545
754,320,PC,linear_trap_event,85.52,-0.59,552,516
776,313,HV,linear_trap_event,67.08,-0.457,704,548
801,354,PC,linear_trap_event,91.73,0.0,547,513
846,328,PC,linear_trap_event,72.83,0.271,675,549
893,322,LCV,linear_trap_event,56.13,-0.085,920,619
926,350,PC,linear_trap_event,70.47,0.191,686,548
958,387,PC,linear_trap_event,80.44,0.37,748,574
969,364,PC,linear_trap_event,66.37,0.005,913,616
978,359,PC,linear_trap_event,60.09,0.121,803,579
1020,402,PC,linear_trap_event,96.98,1.093,585,513
1034,406,PC,linear_trap_event,65.6,0.271,793,579
1053,420,PC,linear_trap_event,92.41,-0.116,569,510
1088,407,LCV,linear_trap_event,58.28,-0.027,796,585
1089,421,PC,linear_trap_event,70.08,0.161,932,619
1120,432,PC,linear_trap_event,75.02,0.261,681,541
1164,431,PC,linear_trap_event,60.6,-0.11,802,589
1192,428,LCV,linear_trap_event,63.3,0.085,953,617
1221,452,PC,linear_trap_event,73.91,0.932,673,539
1243,462,PC,linear_trap_event,58.46,0.543,937,616
1264,473,PC,linear_trap_event,89.27,0.102,559,510
1331,478,PC,linear_trap_event,70.57,0.118,685,554
1353,502,LCV,linear_trap_event,71.64,0.064,678,539
1368,477,LCV,linear_trap_event,58.81,0.055,827,585
1386,511,SUV,linear_trap_event,60.99,-0.025,943,624
1395,525,PC,linear_trap_event,89.02,-0.258,576,519
1415,514,PC,linear_trap_event,61.94,0.076,811,578
1433,518,PC,linear_trap_event,76.13,0.161,680,545
1479,537,PC,linear_trap_event,73.2,0.477,809,577
1506,565,SUV,linear_trap_event,71.82,-0.008,677,539
1513,577,PC,linear_trap_event,83.53,0.0,552,519
1520,551,PC,linear_trap_event,67.65,0.414,941,624
1533,573,MBT,linear_trap_event,77.09,-0.044,557,517
1544,570,LCV,linear_trap_event,63.66,0.005,705,547
1560,593,PC,linear_trap_event,80.68,-0.639,569,515
1588,564,PC,linear_trap_event,64.87,0.282,782,572
1611,615,PC,linear_trap_event,89.03,-0.081,558,512
1613,590,PC,linear_trap_event,59.84,0.426,805,577
1635,579,PC,linear_trap_event,59.7,0.494,724,559
1645,603,PC,linear_trap_event,75.65,-0.199,937,623
1664,621,LCV,linear_trap_event,57.64,0.073,785,573
1688,637,PC,linear_trap_event,62.99,0.027,695,547
1705,630,PC,linear_trap_event,65.05,-0.179,764,573
1720,643,PC,linear_trap_event,84.99,-0.293,573,509
1732,624,PC,linear_trap_event,56.44,-0.679,805,583
1740,653,PC,linear_trap_event,85.89,-0.351,556,508
1748,644,PC,linear_trap_event,59.22,-0.925,795,580
1786,661,PC,linear_trap_event,63.39,0.068,944,624
1820,662,LCV,linear_trap_event,61.38,-0.138,939,622
1894,690,PC,linear_trap_event,71.56,0.26,696,551
1989,727,HV,linear_trap_event,69.57,-0.73,709,553
2029,744,PC,linear_trap_event,72.1,-0.13,683,548
2038,726,LCV,linear_trap_event,57.37,-0.08,938,613
2040,750,LCV,linear_trap_event,74.22,-0.577,775,570
2045,784,MBT,linear_trap_event,91.86,-0.498,561,518
2116,775,PC,linear_trap_event,67.65,-0.063,948,616
2153,793,HV,linear_trap_event,74.42,-0.449,696,558
2186,800,PC,linear_trap_event,68.11,0.174,937,612
2187,818,PC,linear_trap_event,72.99,0.012,674,551
2221,823,MBT,linear_trap_event,74.98,0.204,816,585
2259,834,LCV,linear_trap_event,73.93,0.089,819,588
2277,839,PC,linear_trap_event,66.28,0.19,680,551
2298,841,PC,linear_trap_event,69.13,0.185,931,622
2323,870,PC,linear_trap_event,83.98,-0.177,565,514
2342,855,PC,linear_trap_event,64.95,0.51,684,547
2365,889,SUV,linear_trap_event,84.59,-0.255,558,519
2373,875,SUV,linear_trap_event,65.18,0.341,678,551
2385,858,PC,linear_trap_event,63.94,0.188,801,580
2390,900,PC,linear_trap_event,80.96,-0.506,578,520
2400,880,LCV,linear_trap_event,65.56,0.856,673,544
2422,902,PC,linear_trap_event,69.76,0.995,585,520
2457,916,PC,linear_trap_event,61.78,0.27,677,551
2479,899,PC,linear_trap_event,62.52,0.487,803,574
2492,922,PC,linear_trap_event,63.62,0.118,677,542
2513,930,PC,linear_trap_event,64.85,-0.116,687,548
2519,913,PC,linear_trap_event,56.73,0.068,929,615
2531,953,PC,linear_trap_event,74.21,-0.12,567,513
2540,963,LCV,linear_trap_event,58.44,0.0,938,616
2559,947,PC,linear_trap_event,65.2,0.251,675,544
2566,959,MBT,linear_trap_event,66.17,-0.269,805,587
2597,983,HV,linear_trap_event,57.27,0.0,818,584
2626,976,LCV,linear_trap_event,75.78,-0.605,576,515
2649,991,PC,linear_trap_event,61.92,0.028,676,543
2667,980,PC,linear_trap_event,69.46,0.13,945,620
2695,1005,PC,linear_trap_event,78.23,-0.296,574,522
2696,1006,PC,linear_trap_event,65.64,0.258,930,618
2712,1002,PC,linear_trap_event,67.07,-0.115,663,543
2721,1022,LCV,linear_trap_event,65.22,-0.531,952,618
2750,1029,PC,linear_trap_event,76.82,-0.317,558,516
2772,1035,PC,linear_trap_event,72.98,0.073,676,547
2788,1051,PC,linear_trap_event,78.38,-0.184,572,510
2793,1045,PC,linear_trap_event,70.58,0.128,674,549
2821,1065,PC,linear_trap_event,76.56,-0.096,549,510
2832,1042,PC,linear_trap_event,69.39,0.215,790,584
2838,1059,LCV,linear_trap_event,69.9,-0.195,679,548
2842,1074,HV,linear_trap_event,79.79,-1.192,549,519
2877,1088,PC,linear_trap_event,79.42,-0.341,570,510
2879,1072,PC,linear_trap_event,73.36,0.392,670,546
2894,1068,PC,linear_trap_event,66.36,0.105,799,581
2895,1094,PC,linear_trap_event,84.0,-0.513,575,514
2926,1085,PC,linear_trap_event,72.56,-0.33,684,550
2930,1076,PC,linear_trap_event,64.89,0.073,799,583
3015,1101,PC,linear_trap_event,61.51,0.217,797,583
3018,1116,SUV,linear_trap_event,68.9,-0.114,952,620
3043,1155,PC,linear_trap_event,79.3,-0.199,552,517
3044,1131,PC,linear_trap_event,65.27,0.192,674,539
3125,1157,PC,linear_trap_event,67.23,-0.014,679,546
3140,1190,PC,linear_trap_event,78.9,-0.288,572,510
3143,1168,LCV,linear_trap_event,64.5,0.034,818,583
3146,1186,PC,linear_trap_event,71.53,-0.194,670,550
3163,1170,PC,linear_trap_event,66.27,0.14,938,615
3174,1208,PC,linear_trap_event,64.51,-1.004,822,590
3192,1189,PC,linear_trap_event,61.11,-0.78,804,579
3196,1202,PC,linear_trap_event,72.31,-0.021,670,548
3207,1225,PC,linear_trap_event,77.55,0.127,579,514
3272,1260,PC,linear_trap_event,106.45,-0.904,559,516
3274,1218,PC,linear_trap_event,68.07,0.042,700,550
3298,1254,PC,linear_trap_event,85.05,0.482,584,515
3343,1257,PC,linear_trap_event,66.15,0.092,936,623
3348,1234,PC,linear_trap_event,58.19,0.045,797,585
3375,1308,PC,linear_trap_event,93.9,-0.145,558,520
3435,1293,PC,linear_trap_event,69.51,0.15,697,550
3478,1330,PC,linear_trap_event,91.46,0.0,565,514
3500,1315,PC,linear_trap_event,61.54,-0.002,924,621
3548,1323,PC,linear_trap_event,67.38,-0.56,908,613
3622,1367,PC,linear_trap_event,74.68,0.517,702,557
3629,1361,PC,linear_trap_event,52.43,0.02,936,612
3652,1383,PC,linear_trap_event,96.53,-0.046,537,517
3677,1371,PC,linear_trap_event,58.54,-0.188,941,622
3700,1379,PC,linear_trap_event,68.25,0.173,797,578
3722,1387,PC,linear_trap_event,73.53,-0.111,919,624
3730,1384,PC,linear_trap_event,66.57,-0.133,801,577
3764,1403,PC,linear_trap_event,75.47,-0.104,932,627
3775,1410,PC,linear_trap_event,89.0,0.39,658,544
3779,1428,PC,linear_trap_event,99.7,0.194,546,516
3795,1407,PC,linear_trap_event,77.09,-0.212,807,583
3831,1426,PC,linear_trap_event,70.07,-0.117,769,566
3870,1435,PC,linear_trap_event,87.09,-0.141,637,527
3922,1446,LCV,linear_trap_event,65.97,0.109,924,619
3930,1473,PC,linear_trap_event,82.77,0.071,569,512
3950,1475,PC,linear_trap_event,64.4,-0.33,853,599
3967,1485,PC,linear_trap_event,63.18,-0.249,951,618
3975,1499,PC,linear_trap_event,79.23,-0.342,656,545
3984,1517,MBT,linear_trap_event,86.35,0.063,556,520
3988,1480,PC,linear_trap_event,62.31,-0.621,926,618
3998,1484,LCV,linear_trap_event,73.66,0.289,694,549
4010,1500,PC,linear_trap_event,69.76,0.144,790,581
4027,1527,PC,linear_trap_event,69.07,0.19,786,580
4054,1539,PC,linear_trap_event,84.59,0.101,568,508
4091,1516,PC,linear_trap_event,67.59,0.025,927,618
4101,1546,PC,linear_trap_event,66.25,0.205,686,541
4105,1582,PC,linear_trap_event,78.07,0.0,569,510
4131,1577,PC,linear_trap_event,74.82,0.222,809,592
4150,1573,PC,linear_trap_event,86.14,0.407,608,531
4155,1567,PC,linear_trap_event,70.47,0.264,799,582
4207,1593,PC,linear_trap_event,82.72,0.221,572,520
4210,1581,PC,linear_trap_event,75.01,0.208,739,573
4235,1584,PC,linear_trap_event,70.09,0.088,791,580
4250,1604,PC,linear_trap_event,83.54,-0.21,576,515
4276,1603,PC,linear_trap_event,80.32,0.112,665,549
4315,1617,PC,linear_trap_event,92.33,-0.223,566,517
4331,1614,PC,linear_trap_event,77.71,0.007,687,549
4356,1631,PC,linear_trap_event,76.28,-0.061,677,550
4365,1636,PC,linear_trap_event,80.36,-0.006,560,519
4407,1640,LCV,linear_trap_event,65.81,-0.142,803,583
4411,1657,PC,linear_trap_event,81.15,0.635,666,540
4452,1663,PC,linear_trap_event,73.11,0.484,689,543
4480,1671,PC,linear_trap_event,70.28,0.23,691,545
4482,1670,PC,linear_trap_event,75.38,-0.063,548,516
4488,1661,LCV,linear_trap_event,61.7,0.019,930,617
4506,1687,PC,linear_trap_event,83.89,-0.65,622,523
4517,1684,LCV,linear_trap_event,62.62,-0.703,945,620
4524,1698,PC,linear_trap_event,87.67,-0.27,541,516
4526,1686,PC,linear_trap_event,67.72,-0.027,681,540
4540,1693,SUV,linear_trap_event,68.34,-1.524,938,623
4592,1727,PC,linear_trap_event,92.06,-0.396,569,512
4600,1728,PC,linear_trap_event,67.95,-0.309,932,624
4611,1741,PC,linear_trap_event,90.88,-0.449,561,517
4616,1745,PC,linear_trap_event,71.3,0.342,800,573
4644,1747,PC,linear_trap_event,76.45,0.179,675,549
4679,1767,PC,linear_trap_event,66.88,-0.033,934,626
4698,1768,PC,linear_trap_event,72.93,-0.482,939,615
4707,1797,PC,linear_trap_event,85.69,0.371,687,541
4710,1764,PC,linear_trap_event,64.16,0.446,933,612
4717,1822,PC,linear_trap_event,95.87,0.0,562,512
4738,1800,PC,linear_trap_event,70.6,-0.281,941,618
4756,1794,SUV,linear_trap_event,86.85,0.198,716,551
4771,1810,PC,linear_trap_event,71.75,0.005,941,624
4789,1841,SUV,linear_trap_event,97.19,-0.076,566,519
4809,1829,PC,linear_trap_event,64.38,-0.798,935,616
4835,1849,PC,linear_trap_event,92.93,0.393,570,521
4867,1863,PC,linear_trap_event,93.31,0.578,804,577
4874,1862,LCV,linear_trap_event,68.05,-0.037,923,623
4875,1858,PC,linear_trap_event,80.07,0.034,691,546
4887,1878,PC,linear_trap_event,95.68,1.052,787,579
4953,1899,PC,linear_trap_event,78.76,-0.599,934,627
5001,1896,PC,linear_trap_event,81.31,0.151,680,545
5075,1912,SUV,linear_trap_event,82.25,0.078,814,582
5117,1914,PC,linear_trap_event,74.44,-0.204,696,549
5144,1933,PC,linear_trap_event,79.06,-0.203,687,543
5158,1925,LCV,linear_trap_event,59.95,0.231,832,594
5212,1950,PC,linear_trap_event,64.59,-0.046,800,579
5252,1988,PC,linear_trap_event,98.38,0.032,565,520
5288,1991,PC,linear_trap_event,67.61,-0.193,938,617
5295,1994,PC,linear_trap_event,82.49,0.078,689,550
5330,2002,PC,linear_trap_event,66.14,-0.098,916,615
5391,2013,PC,linear_trap_event,67.92,-0.048,808,588
5420,2021,PC,linear_trap_event,68.21,0.034,789,575
5456,2036,PC,linear_trap_event,70.66,0.095,793,574
5475,2038,SUV,linear_trap_event,71.35,-0.368,937,618
5521,2050,PC,linear_trap_event,77.42,-0.072,808,590
5531,2058,PC,linear_trap_event,93.68,-0.207,567,515
5549,2055,PC,linear_trap_event,79.71,0.933,745,564
5577,2070,PC,linear_trap_event,93.7,-0.166,561,521
5586,2071,PC,linear_trap_event,71.69,0.032,926,624
5610,2081,LCV,linear_trap_event,70.21,-0.341,947,622
5617,2074,PC,linear_trap_event,91.39,0.026,572,525
5645,2100,PC,linear_trap_event,66.47,0.0,798,585
5674,2082,PC,linear_trap_event,71.53,0.132,667,548
5676,2084,PC,linear_trap_event,66.35,0.05,804,576
5702,2095,PC,linear_trap_event,72.73,0.169,678,549
5728,2080,PC,linear_trap_event,63.76,-0.003,928,610
5735,2115,PC,linear_trap_event,70.0,0.079,697,548
5774,2133,HV,linear_trap_event,72.5,-0.598,696,560
5800,2174,HV,linear_trap_event,83.09,0.0,593,524
5837,2159,PC,linear_trap_event,75.74,0.12,666,544
5842,2161,PC,linear_trap_event,76.54,-0.014,556,514
5846,2143,MBT,linear_trap_event,58.38,-0.223,796,583
5849,2142,PC,linear_trap_event,65.74,0.122,939,620
5853,2172,MBT,linear_trap_event,77.46,-0.398,594,518
5856,2175,PC,linear_trap_event,77.6,0.105,678,539
5896,2171,LCV,linear_trap_event,72.43,-0.807,787,581
5904,2186,PC,linear_trap_event,77.04,-0.207,563,513
5929,2199,PC,linear_trap_event,76.25,0.294,580,512
5936,2157,PC,linear_trap_event,58.76,0.078,805,580
5937,2177,LCV,linear_trap_event,78.27,-0.089,951,618
5972,2204,PC,linear_trap_event,74.54,-0.051,553,516
5976,2217,PC,linear_trap_event,72.5,0.885,916,620
5995,2225,PC,linear_trap_event,77.29,-0.565,693,543
6045,2208,PC,linear_trap_event,69.92,-0.052,799,574
6071,2228,PC,linear_trap_event,74.89,-0.021,929,617
6075,2241,PC,linear_trap_event,70.64,-0.278,706,553
6165,2272,HV,linear_trap_event,72.23,-0.548,604,525
6169,2261,PC,linear_trap_event,63.75,-0.077,701,549
6229,2300,PC,linear_trap_event,62.64,0.374,799,576
6256,2314,LCV,linear_trap_event,65.48,0.032,695,546
6275,2333,PC,linear_trap_event,74.92,-4.806,803,587
6302,2341,HV,linear_trap_event,61.55,-1.061,819,592
6339,2367,PC,linear_trap_event,61.37,0.051,784,569
6382,2393,PC,linear_trap_event,72.33,0.038,941,614
6425,2395,PC,linear_trap_event,73.55,-0.167,930,615
6471,2398,MBT,linear_trap_event,66.09,-0.411,687,543
6473,2428,MBT,linear_trap_event,80.01,-0.143,557,509
6489,2441,PC,linear_trap_event,80.44,-0.313,579,520
6499,2418,PC,linear_trap_event,67.53,-0.224,686,548
6534,2413,PC,linear_trap_event,68.64,0.079,813,582
6563,2435,LCV,linear_trap_event,67.12,-0.163,930,623
6566,2445,PC,linear_trap_event,76.86,0.113,676,548
6612,2474,MBT,linear_trap_event,79.94,-0.246,685,547
6645,2486,PC,linear_trap_event,94.04,0.0,0,0
6680,2479,MBT,linear_trap_event,63.99,-0.46,812,579
6703,2505,PC,linear_trap_event,62.97,-0.046,802,582
6723,2493,PC,linear_trap_event,67.91,0.085,672,539
6780,2532,PC,linear_trap_event,72.69,0.014,787,582
6791,2538,PC,linear_trap_event,77.7,0.632,556,515
6797,2563,SUV,linear_trap_event,84.1,-0.265,636,568
6818,2535,PC,linear_trap_event,70.04,0.07,805,578
6827,2577,MBT,linear_trap_event,85.76,-0.191,565,511
6837,2541,SUV,linear_trap_event,62.59,-0.046,683,548
6865,2558,LCV,linear_trap_event,63.9,-0.092,676,547
6874,2590,MBT,linear_trap_event,90.53,-0.335,549,514
6901,2571,PC,linear_trap_event,66.24,0.29,805,577
6912,2582,PC,linear_trap_event,64.42,-0.362,707,554
6920,2615,SUV,linear_trap_event,70.09,-0.182,924,624
6922,2630,PC,linear_trap_event,91.89,-0.516,571,513
6944,2609,LCV,linear_trap_event,71.2,0.105,814,591
6966,2597,PC,linear_trap_event,66.93,-0.369,941,628
6966,2640,PC,linear_trap_event,74.35,0.282,688,546
6997,2651,MBT,linear_trap_event,80.39,-0.34,566,516
7015,2646,PC,linear_trap_event,71.94,0.095,679,542
7018,2612,SUV,linear_trap_event,69.98,0.056,804,589
7029,2676,PC,linear_trap_event,80.11,-0.136,576,510
7085,2666,PC,linear_trap_event,62.72,-0.342,948,618
7087,2682,LCV,linear_trap_event,77.58,-0.273,773,574
7150,2683,LCV,linear_trap_event,64.73,0.181,787,583
7157,2700,MBT,linear_trap_event,88.05,-0.461,546,518
7178,2702,LCV,linear_trap_event,64.16,0.287,931,612
7202,2711,SUV,linear_trap_event,62.76,0.456,924,621
7205,2714,PC,linear_trap_event,89.06,-0.128,591,515
7228,2698,PC,linear_trap_event,71.27,0.179,774,567
7273,2713,LCV,linear_trap_event,60.37,0.098,931,623
7298,2727,PC,linear_trap_event,79.82,-0.176,634,542
7308,2726,PC,linear_trap_event,57.54,0.314,942,624
7329,2747,PC,linear_trap_event,56.23,0.0,945,628
7332,2731,PC,linear_trap_event,81.62,-0.246,687,545
7333,2744,SUV,linear_trap_event,80.22,0.057,553,516
7362,2728,PC,linear_trap_event,52.79,0.278,941,626
7372,2739,PC,linear_trap_event,65.2,0.068,788,575
7389,2757,PC,linear_trap_event,80.34,-0.017,565,521
7404,2754,PC,linear_trap_event,62.67,0.014,786,574
7430,2755,PC,linear_trap_event,58.49,0.279,933,620
7445,2800,LCV,linear_trap_event,78.36,-0.108,574,513
7459,2766,PC,linear_trap_event,64.48,0.05,792,579
7488,2804,PC,linear_trap_event,87.92,0.095,657,550
7490,2805,PC,linear_trap_event,61.48,-0.171,931,616
