count_id,track_id,class,speed_kmh,accel_avg_mps2,vel_1_mps,vel_2_mps,vsp_kw_ton,vkt_km,tier1_co2_g,diff_co2_pct,e2_co2_g,e2_nox_g,e2_fuel_g,e2_hc_g,e2_co_g,e2_pm25_g,e5_co2_g,e5_nox_g,e5_fuel_g,e5_hc_g,e5_co_g,e5_pm25_g
1,6,PC,80.9,0.429,0.0,0.0,16.55,0.1,17.0,62.3,27.6,0.0152,9.03,0.0091,0.0661,0.0001,24.84,0.0062,8.13,0.0046,0.0397,1e-05
2,5,MBT,103.1,0.496,0.0,0.0,24.86,0.1,27.1,21.2,32.85,0.0179,10.76,0.0108,0.0789,7e-05,29.56,0.0072,9.68,0.0054,0.0473,1e-05
3,14,PC,79.5,-0.114,0.0,0.0,6.64,0.1,17.0,-27.9,12.25,0.0064,4.01,0.0042,0.0304,0.0001,11.03,0.0026,3.61,0.0021,0.0182,1e-05
4,64,PC,65.2,0.269,0.0,0.0,6.83,0.1,17.0,61.3,27.42,0.0154,8.98,0.0095,0.0685,0.00015,24.68,0.0062,8.08,0.0047,0.0411,1e-05
5,40,PC,70.0,-1.204,0.0,0.0,3.04,0.1,17.0,-39.2,10.33,0.0043,3.38,0.004,0.0279,0.00031,9.3,0.0017,3.04,0.002,0.0167,3e-05
6,33,LCV,88.4,0.235,0.0,0.0,21.29,0.1,26.8,16.7,31.28,0.0295,9.98,0.014,0.0639,0.00274,28.15,0.0186,8.99,0.0088,0.0411,0.00027
7,48,PC,72.1,-0.104,0.0,0.0,4.59,0.1,17.0,-46.0,9.18,0.0047,3.0,0.0031,0.0227,8e-05,8.26,0.0019,2.7,0.0016,0.0136,1e-05
8,77,LCV,67.2,-0.71,0.0,0.0,3.37,0.1,26.8,-59.8,10.76,0.0053,3.5,0.0041,0.0291,0.00024,9.69,0.0022,3.15,0.0022,0.018,2e-05
9,75,PC,72.5,0.164,0.0,0.0,8.84,0.1,17.0,-6.6,15.88,0.0087,5.2,0.0052,0.0382,4e-05,14.3,0.0035,4.68,0.0026,0.0229,0.0
10,70,PC,69.2,-0.31,0.0,0.0,3.85,0.1,17.0,-48.8,8.7,0.0042,2.85,0.0031,0.0221,0.00013,7.83,0.0017,2.56,0.0015,0.0133,1e-05
11,76,PC,69.3,-0.216,0.0,0.0,11.99,0.1,17.0,27.6,21.69,0.0111,7.1,0.0074,0.0537,0.00019,19.52,0.0045,6.39,0.0037,0.0322,2e-05
12,94,PC,52.9,-1.119,0.0,0.0,5.19,0.1,17.0,-14.9,14.47,0.0067,4.74,0.0053,0.0375,0.00029,13.03,0.0027,4.27,0.0026,0.0225,3e-05
13,97,PC,68.7,-0.008,0.0,0.0,6.59,0.1,17.0,-15.7,14.34,0.0074,4.69,0.0049,0.0353,0.00011,12.9,0.003,4.23,0.0024,0.0212,1e-05
14,110,PC,61.5,-0.29,0.0,0.0,3.93,0.1,17.0,-36.7,10.77,0.0052,3.53,0.0038,0.0275,0.00017,9.69,0.0021,3.17,0.0019,0.0165,2e-05
15,93,PC,74.7,-0.203,0.0,0.0,6.29,0.1,17.0,-22.7,13.14,0.0089,4.26,0.0051,0.0306,0.00059,11.83,0.0047,3.83,0.0029,0.0188,6e-05
16,108,PC,79.8,-0.154,0.0,0.0,7.42,0.1,17.0,-20.5,13.52,0.007,4.43,0.0046,0.0334,0.00012,12.17,0.0028,3.98,0.0023,0.0201,1e-05
17,137,PC,82.3,0.171,0.0,0.0,11.49,0.1,17.0,4.6,17.78,0.0097,5.82,0.0058,0.0427,4e-05,16.0,0.0039,5.24,0.0029,0.0256,0.0
18,141,SUV,81.9,0.039,0.0,0.0,11.03,0.1,21.5,-8.4,19.68,0.0111,6.45,0.0068,0.0493,0.00011,17.72,0.0044,5.8,0.0034,0.0296,1e-05
19,190,PC,102.4,0.184,0.0,0.0,15.76,0.1,17.0,23.1,20.92,0.0114,6.85,0.0069,0.0504,6e-05,18.83,0.0045,6.17,0.0034,0.0302,1e-05
20,162,PC,68.1,-1.058,0.0,0.0,3.5,0.1,17.0,-33.4,11.32,0.0048,3.71,0.0043,0.0302,0.0003,10.19,0.0019,3.34,0.0021,0.0181,3e-05
21,183,MBT,97.4,-0.812,0.0,0.0,3.97,0.1,27.1,-73.5,7.19,0.0032,2.36,0.0027,0.0189,0.00017,6.47,0.0013,2.12,0.0013,0.0113,2e-05
22,174,MBT,83.5,-0.114,0.0,0.0,7.75,0.1,27.1,-50.9,13.3,0.007,4.35,0.0046,0.0328,0.00018,11.97,0.0029,3.91,0.0024,0.0198,2e-05
23,164,LCV,75.6,0.063,0.0,0.0,8.65,0.1,26.8,-30.0,18.76,0.0198,5.93,0.0092,0.0366,0.00221,16.89,0.0134,5.33,0.0061,0.0244,0.00022
24,198,MBT,99.6,-0.506,0.0,0.0,6.26,0.1,27.1,-65.0,9.48,0.0047,3.1,0.0033,0.0237,0.00011,8.53,0.0019,2.79,0.0016,0.0142,1e-05
25,176,LCV,74.9,0.202,0.0,0.0,10.93,0.1,26.8,-28.8,19.09,0.0128,6.2,0.007,0.0436,0.00055,17.18,0.0064,5.58,0.0038,0.0267,5e-05
26,182,PC,90.4,0.026,0.0,0.0,9.23,0.1,17.0,-16.6,14.18,0.0076,4.64,0.0047,0.0344,7e-05,12.76,0.003,4.18,0.0024,0.0207,1e-05
27,193,PC,76.1,-0.003,0.0,0.0,9.05,0.1,17.0,-3.9,16.34,0.0085,5.35,0.0055,0.0402,0.00012,14.71,0.0034,4.82,0.0028,0.0241,1e-05
28,212,PC,96.3,-0.043,0.0,0.0,9.0,0.1,17.0,-18.7,13.82,0.009,4.49,0.0051,0.0322,0.00045,12.44,0.0045,4.04,0.0028,0.0197,4e-05
29,219,PC,66.2,-0.647,0.0,0.0,7.15,0.1,17.0,-14.6,14.51,0.007,4.75,0.0051,0.0368,0.00021,13.06,0.0028,4.27,0.0026,0.0222,2e-05
30,232,SUV,67.9,-0.435,0.0,0.0,2.89,0.1,21.5,-60.9,8.41,0.0037,2.75,0.0032,0.0228,0.00023,7.57,0.0015,2.48,0.0016,0.0137,2e-05
31,235,SUV,84.0,-0.952,0.0,0.0,4.58,0.1,21.5,-43.1,12.24,0.0062,4.01,0.0046,0.0326,0.00023,11.02,0.0025,3.61,0.0023,0.0196,2e-05
32,226,MBT,96.6,-0.816,0.0,0.0,13.44,0.1,27.1,-27.2,19.72,0.0117,6.43,0.0072,0.0473,0.0005,17.75,0.0055,5.78,0.0038,0.0287,5e-05
33,261,MBT,103.6,0.245,0.0,0.0,18.69,0.1,27.1,-12.1,23.82,0.013,7.8,0.0078,0.0572,6e-05,21.44,0.0052,7.02,0.0039,0.0343,1e-05
34,228,PC,76.7,0.106,0.0,0.0,7.55,0.1,17.0,-15.3,14.39,0.0077,4.71,0.0048,0.0349,6e-05,12.96,0.0031,4.24,0.0024,0.0209,1e-05
35,272,MBT,99.3,-0.509,0.0,0.0,6.09,0.1,27.1,-64.2,9.7,0.0047,3.17,0.0034,0.0245,0.00014,8.73,0.0019,2.86,0.0017,0.0147,1e-05
36,247,LCV,76.0,0.294,0.0,0.0,13.89,0.1,26.8,-1.8,26.31,0.0241,8.42,0.0115,0.0542,0.0021,23.68,0.0149,7.58,0.0071,0.0346,0.00021
37,273,MBT,95.8,0.196,0.0,0.0,13.03,0.1,27.1,-27.3,19.7,0.0115,6.43,0.0067,0.0466,0.00022,17.73,0.005,5.79,0.0035,0.0282,2e-05
38,280,PC,83.8,0.015,0.0,0.0,8.14,0.1,17.0,-26.6,12.48,0.0067,4.09,0.0041,0.0302,5e-05,11.24,0.0027,3.68,0.0021,0.0181,0.0
39,304,SUV,100.6,0.009,0.0,0.0,13.03,0.1,21.5,10.7,23.8,0.0183,7.7,0.0097,0.0563,0.001,21.42,0.0097,6.93,0.0054,0.0347,0.0001
40,341,SUV,100.2,0.689,0.0,0.0,28.6,0.1,21.5,183.2,60.89,0.0603,19.43,0.0281,0.1275,0.00542,54.8,0.0377,17.48,0.0176,0.0819,0.00054
41,317,MBT,111.0,-0.372,0.0,0.0,10.99,0.1,27.1,-44.4,15.08,0.0106,4.88,0.0059,0.0346,0.0007,13.57,0.0057,4.39,0.0033,0.0214,7e-05
42,313,PC,96.5,0.043,0.0,0.0,11.75,0.1,17.0,-0.9,16.85,0.0091,5.52,0.0056,0.0408,6e-05,15.16,0.0036,4.96,0.0028,0.0245,1e-05
43,277,PC,59.8,0.161,0.0,0.0,6.76,0.1,17.0,-13.1,14.77,0.008,4.84,0.0048,0.0355,4e-05,13.3,0.0032,4.35,0.0024,0.0213,0.0
44,330,PC,90.5,-0.186,0.0,0.0,9.04,0.1,17.0,-13.6,14.7,0.0088,4.79,0.0053,0.035,0.00035,13.23,0.0042,4.31,0.0028,0.0213,4e-05
45,311,PC,60.0,-0.55,0.0,0.0,4.22,0.1,17.0,-27.7,12.3,0.0057,4.03,0.0044,0.0318,0.00023,11.07,0.0023,3.62,0.0022,0.0191,2e-05
46,333,PC,99.9,0.134,0.0,0.0,13.97,0.1,17.0,13.4,19.27,0.0105,6.31,0.0064,0.0467,6e-05,17.35,0.0042,5.68,0.0032,0.028,1e-05
47,363,PC,50.6,-0.987,0.0,0.0,5.36,0.1,17.0,-18.4,13.86,0.0065,4.54,0.005,0.0358,0.00026,12.48,0.0026,4.09,0.0025,0.0215,3e-05
48,344,PC,54.3,-0.606,0.0,0.0,2.17,0.1,17.0,-50.7,8.39,0.0034,2.75,0.0033,0.0228,0.00026,7.55,0.0014,2.47,0.0016,0.0137,3e-05
49,350,MBT,97.3,-0.85,0.0,0.0,3.22,0.1,27.1,-75.1,6.74,0.0048,2.17,0.003,0.016,0.00052,6.07,0.0029,1.95,0.0018,0.0101,5e-05
50,398,LCV,98.9,0.243,0.0,0.0,10.62,0.1,26.8,31.0,35.1,0.0406,11.03,0.0181,0.0649,0.00479,31.59,0.0282,9.92,0.0123,0.0441,0.00048
51,353,PC,65.8,0.19,0.0,0.0,7.92,0.1,17.0,-1.6,16.73,0.009,5.48,0.0055,0.0406,7e-05,15.06,0.0036,4.93,0.0028,0.0243,1e-05
52,397,PC,77.7,0.351,0.0,0.0,8.97,0.1,17.0,72.3,29.29,0.0157,9.59,0.0097,0.071,0.00013,26.36,0.0063,8.63,0.0049,0.0426,1e-05
53,360,LCV,57.0,-0.749,0.0,0.0,5.46,0.1,26.8,-49.4,13.56,0.0063,4.41,0.0049,0.0348,0.00025,12.2,0.0026,3.97,0.0026,0.0215,3e-05
54,374,PC,111.8,-0.131,0.0,0.0,12.54,0.1,17.0,-6.1,15.97,0.0085,5.23,0.0053,0.0389,9e-05,14.37,0.0034,4.71,0.0027,0.0234,1e-05
55,378,PC,61.1,-0.523,0.0,0.0,2.03,0.1,17.0,-60.4,6.74,0.0027,2.21,0.0026,0.0183,0.00021,6.06,0.0011,1.99,0.0013,0.011,2e-05
56,384,PC,65.5,-0.177,0.0,0.0,3.61,0.1,17.0,-56.0,7.48,0.0038,2.45,0.0026,0.0186,8e-05,6.73,0.0015,2.2,0.0013,0.0112,1e-05
57,376,PC,55.5,-0.171,0.0,0.0,2.17,0.1,17.0,-61.3,6.57,0.003,2.15,0.0024,0.0172,0.00014,5.91,0.0012,1.94,0.0012,0.0103,1e-05
58,390,HV,70.1,-0.365,0.0,0.0,11.83,0.1,93.8,-78.0,20.6,0.0107,6.74,0.0071,0.0509,0.00022,18.54,0.0043,6.07,0.0036,0.0306,2e-05
59,406,PC,53.1,-0.076,0.0,0.0,3.54,0.1,17.0,-35.3,10.99,0.0049,3.6,0.0041,0.0289,0.00026,9.9,0.002,3.24,0.002,0.0174,3e-05
60,407,PC,75.2,0.028,0.0,0.0,6.67,0.1,17.0,-31.1,11.72,0.0063,3.84,0.0039,0.0284,5e-05,10.55,0.0025,3.45,0.0019,0.017,0.0
61,423,SUV,53.1,-0.507,0.0,0.0,2.52,0.1,21.5,-47.5,11.3,0.0054,3.7,0.0045,0.0313,0.0003,10.17,0.0022,3.33,0.0022,0.0188,3e-05
62,408,MBT,72.6,-0.961,0.0,0.0,5.06,0.1,27.1,-56.2,11.86,0.0074,3.84,0.0049,0.0289,0.00064,10.67,0.004,3.46,0.0027,0.0178,6e-05
63,428,MBT,91.2,-0.867,0.0,0.0,4.1,0.1,27.1,-68.7,8.47,0.0052,2.74,0.0035,0.0209,0.00048,7.62,0.0028,2.47,0.002,0.0129,5e-05
64,432,PC,58.6,0.048,0.0,0.0,5.07,0.1,17.0,-29.7,11.95,0.0064,3.91,0.004,0.0293,7e-05,10.76,0.0026,3.52,0.002,0.0176,1e-05
65,401,PC,60.2,-0.127,0.0,0.0,4.62,0.1,17.0,-29.9,11.92,0.0059,3.9,0.0042,0.03,0.00015,10.73,0.0024,3.51,0.0021,0.018,1e-05
66,441,PC,103.1,-0.012,0.0,0.0,10.16,0.1,17.0,-19.5,13.68,0.0073,4.48,0.0045,0.0332,6e-05,12.31,0.0029,4.03,0.0023,0.0199,1e-05
67,468,PC,136.3,0.81,0.0,0.0,28.54,0.1,17.0,193.9,49.96,0.0272,16.36,0.0164,0.1202,0.00013,44.97,0.0109,14.72,0.0082,0.0721,1e-05
68,446,PC,55.7,-0.743,0.0,0.0,2.61,0.1,17.0,-44.0,9.52,0.0039,3.12,0.0037,0.0258,0.00029,8.57,0.0016,2.81,0.0018,0.0155,3e-05
69,448,LCV,56.5,-1.301,0.0,0.0,3.43,0.1,26.8,-55.7,11.86,0.0098,3.76,0.0057,0.027,0.00122,10.67,0.0065,3.38,0.0037,0.0179,0.00012
70,443,PC,57.3,-0.395,0.0,0.0,5.03,0.1,17.0,-23.4,13.01,0.0061,4.26,0.0047,0.0335,0.00023,11.71,0.0024,3.84,0.0023,0.0201,2e-05
71,452,SUV,75.0,0.04,0.0,0.0,6.76,0.1,21.5,-35.9,13.79,0.0078,4.52,0.0047,0.0343,6e-05,12.41,0.0031,4.06,0.0024,0.0206,1e-05
72,478,MBT,95.2,-0.749,0.0,0.0,3.78,0.1,27.1,-73.7,7.12,0.0032,2.33,0.0026,0.0186,0.00015,6.41,0.0013,2.1,0.0013,0.0112,2e-05
73,477,PC,85.1,-0.358,0.0,0.0,6.77,0.1,17.0,-29.1,12.05,0.006,3.95,0.0042,0.0303,0.00015,10.85,0.0024,3.55,0.0021,0.0182,1e-05
74,493,PC,53.1,-0.657,0.0,0.0,7.06,0.1,17.0,10.5,18.78,0.0124,6.09,0.0075,0.0447,0.00089,16.9,0.0066,5.48,0.0042,0.0275,9e-05
75,485,MBT,72.3,-1.012,0.0,0.0,2.71,0.1,27.1,-66.6,9.05,0.0037,2.96,0.0035,0.0246,0.00028,8.15,0.0015,2.67,0.0017,0.0147,3e-05
76,524,PC,76.8,0.342,0.0,0.0,13.22,0.1,17.0,37.4,23.36,0.0127,7.65,0.0077,0.0561,5e-05,21.02,0.0051,6.88,0.0038,0.0337,1e-05
77,492,MBT,83.4,-0.875,0.0,0.0,3.66,0.1,27.1,-66.6,9.05,0.0063,2.92,0.004,0.0217,0.00068,8.15,0.0038,2.63,0.0023,0.0135,7e-05
78,489,PC,81.4,-0.238,0.0,0.0,6.48,0.1,17.0,-32.6,11.45,0.0055,3.75,0.0041,0.0291,0.00017,10.31,0.0022,3.37,0.002,0.0175,2e-05
79,509,SUV,86.5,0.015,0.0,0.0,11.65,0.1,21.5,-20.5,17.1,0.009,5.6,0.0057,0.0419,0.00011,15.39,0.0036,5.04,0.0029,0.0251,1e-05
80,536,MBT,99.7,-0.087,0.0,0.0,9.52,0.1,27.1,-47.6,14.21,0.0094,4.61,0.0054,0.033,0.00051,12.79,0.0048,4.15,0.003,0.0202,5e-05
81,476,PC,48.4,-0.038,0.0,0.0,3.19,0.1,17.0,-40.4,10.13,0.005,3.32,0.0036,0.0256,0.00014,9.12,0.002,2.99,0.0018,0.0154,1e-05
82,566,MBT,100.9,-0.384,0.0,0.0,7.63,0.1,27.1,-58.9,11.13,0.0059,3.64,0.0039,0.0274,0.00016,10.02,0.0025,3.28,0.002,0.0165,2e-05
83,577,PC,49.7,0.102,0.0,0.0,4.14,0.1,17.0,-35.6,10.95,0.0059,3.58,0.0036,0.0264,3e-05,9.85,0.0024,3.23,0.0018,0.0158,0.0
84,546,PC,92.9,0.318,0.0,0.0,19.73,0.1,17.0,54.9,26.33,0.0144,8.62,0.0086,0.0633,6e-05,23.7,0.0057,7.76,0.0043,0.038,1e-05
85,545,PC,72.4,0.206,0.0,0.0,9.73,0.1,17.0,7.1,18.21,0.0101,5.96,0.006,0.0441,4e-05,16.39,0.004,5.37,0.003,0.0265,0.0
86,575,MBT,105.1,-0.467,0.0,0.0,8.16,0.1,27.1,-57.0,11.65,0.0059,3.81,0.004,0.029,0.00012,10.48,0.0024,3.43,0.002,0.0174,1e-05
87,542,PC,46.1,-0.473,0.0,0.0,1.65,0.1,17.0,-51.5,8.25,0.0032,2.7,0.0033,0.0228,0.00029,7.42,0.0013,2.43,0.0016,0.0137,3e-05
88,526,SUV,59.8,-0.125,0.0,0.0,16.07,0.1,21.5,41.1,30.33,0.0178,9.9,0.0108,0.0742,0.00045,27.29,0.0078,8.91,0.0056,0.0448,4e-05
89,582,MBT,104.1,-0.773,0.0,0.0,4.09,0.1,27.1,-73.6,7.16,0.0034,2.34,0.0027,0.0185,0.00019,6.44,0.0015,2.11,0.0014,0.0112,2e-05
90,544,PC,42.5,-0.652,0.0,0.0,3.51,0.1,17.0,-31.9,11.58,0.0054,3.77,0.0044,0.0302,0.00034,10.42,0.0024,3.39,0.0023,0.0185,3e-05
91,590,PC,109.8,0.301,0.0,0.0,22.18,0.1,17.0,64.4,27.95,0.0155,9.15,0.0093,0.0678,7e-05,25.15,0.0062,8.24,0.0046,0.0407,1e-05
92,552,SUV,51.8,-0.216,0.0,0.0,8.07,0.1,21.5,-3.6,20.74,0.0112,6.79,0.0075,0.0533,0.00023,18.66,0.0045,6.11,0.0038,0.0321,2e-05
93,579,PC,77.4,-0.104,0.0,0.0,6.45,0.1,17.0,-26.5,12.49,0.0065,4.09,0.0042,0.0307,0.0001,11.24,0.0026,3.68,0.0021,0.0184,1e-05
94,588,LCV,73.5,-0.222,0.0,0.0,5.14,0.1,26.8,-60.8,10.51,0.0051,3.43,0.0038,0.0269,0.00021,9.46,0.0021,3.09,0.002,0.0163,2e-05
95,594,LCV,64.0,0.106,0.0,0.0,20.64,0.1,26.8,35.5,36.32,0.0306,11.65,0.0153,0.0777,0.00253,32.68,0.0184,10.48,0.0094,0.0493,0.00025
96,639,SUV,87.6,-1.211,0.0,0.0,3.82,0.1,21.5,-61.5,8.27,0.0038,2.71,0.0031,0.0221,0.0002,7.45,0.0015,2.44,0.0016,0.0133,2e-05
97,601,PC,64.3,-0.165,0.0,0.0,4.68,0.1,17.0,-34.6,11.12,0.0054,3.64,0.0039,0.0282,0.00016,10.01,0.0022,3.28,0.002,0.0169,2e-05
98,656,MBT,96.5,-0.325,0.0,0.0,7.27,0.1,27.1,-58.6,11.21,0.0057,3.67,0.0038,0.0279,0.00011,10.09,0.0023,3.3,0.0019,0.0167,1e-05
99,666,MBT,97.9,-0.364,0.0,0.0,6.94,0.1,27.1,-60.2,10.78,0.0057,3.52,0.0038,0.0266,0.00017,9.7,0.0024,3.17,0.0019,0.016,2e-05
100,643,PC,53.2,-1.139,0.0,0.0,4.44,0.1,17.0,4.1,17.69,0.0079,5.79,0.0065,0.0464,0.00039,15.92,0.0032,5.21,0.0033,0.0278,4e-05
101,665,PC,67.3,-0.078,0.0,0.0,4.98,0.1,17.0,-38.1,10.52,0.0055,3.45,0.0035,0.0258,7e-05,9.47,0.0022,3.1,0.0018,0.0155,1e-05
102,649,PC,71.4,-0.033,0.0,0.0,5.76,0.1,17.0,-32.8,11.43,0.006,3.74,0.0039,0.0281,8e-05,10.29,0.0024,3.37,0.0019,0.0169,1e-05
103,673,PC,67.3,-0.18,0.0,0.0,5.7,0.1,17.0,-27.4,12.35,0.006,4.04,0.0044,0.0314,0.0002,11.11,0.0024,3.64,0.0022,0.0189,2e-05
104,682,PC,74.4,-0.532,0.0,0.0,3.73,0.1,17.0,-50.0,8.49,0.0038,2.78,0.0031,0.0223,0.00019,7.64,0.0015,2.5,0.0016,0.0134,2e-05
105,671,PC,73.0,-0.038,0.0,0.0,6.07,0.1,17.0,-32.3,11.51,0.006,3.77,0.0039,0.0284,9e-05,10.36,0.0024,3.39,0.002,0.017,1e-05
106,697,MBT,99.9,0.044,0.0,0.0,11.59,0.1,27.1,-42.2,15.66,0.0084,5.13,0.0052,0.0379,6e-05,14.09,0.0034,4.62,0.0026,0.0227,1e-05
107,693,PC,82.1,-0.12,0.0,0.0,6.9,0.1,17.0,-27.6,12.3,0.0063,4.03,0.0042,0.0304,0.00011,11.07,0.0025,3.63,0.0021,0.0182,1e-05
108,719,MBT,96.0,-1.002,0.0,0.0,2.89,0.1,27.1,-74.0,7.04,0.0047,2.27,0.0032,0.0172,0.00055,6.34,0.0028,2.04,0.0019,0.0108,5e-05
109,687,HV,57.8,-0.264,0.0,0.0,2.62,0.1,93.8,-91.9,7.59,0.0035,2.49,0.0028,0.0197,0.00015,6.83,0.0014,2.24,0.0014,0.0118,2e-05
110,737,PC,72.4,-1.114,0.0,0.0,3.88,0.1,17.0,-40.8,10.07,0.0044,3.3,0.0038,0.0267,0.00025,9.06,0.0018,2.97,0.0019,0.016,2e-05
111,733,LCV,3.8,-0.128,0.0,0.0,22.63,0.1,26.8,48.6,39.83,0.0321,12.81,0.0164,0.0865,0.00245,35.84,0.0188,11.52,0.0098,0.0545,0.00025
112,721,PC,71.2,-0.603,0.0,0.0,5.83,0.1,17.0,-24.0,12.92,0.0061,4.23,0.0046,0.0331,0.00022,11.63,0.0025,3.81,0.0023,0.0199,2e-05
113,739,PC,82.1,0.009,0.0,0.0,7.67,0.1,17.0,-24.4,12.85,0.0068,4.21,0.0043,0.0313,7e-05,11.56,0.0027,3.79,0.0021,0.0188,1e-05
114,740,PC,61.4,-0.009,0.0,0.0,4.96,0.1,17.0,-32.0,11.56,0.0057,3.79,0.0041,0.0292,0.00015,10.41,0.0023,3.41,0.002,0.0175,2e-05
115,747,PC,68.5,-0.189,0.0,0.0,6.03,0.1,17.0,-23.8,12.96,0.0065,4.24,0.0045,0.0325,0.00015,11.66,0.0026,3.82,0.0023,0.0195,2e-05
116,756,PC,67.2,-0.149,0.0,0.0,4.46,0.1,17.0,-39.8,10.23,0.0047,3.35,0.0037,0.0265,0.0002,9.2,0.0019,3.01,0.0019,0.0159,2e-05
117,771,PC,68.0,-0.157,0.0,0.0,4.57,0.1,17.0,-43.3,9.64,0.0046,3.16,0.0034,0.0246,0.00016,8.68,0.0018,2.84,0.0017,0.0148,2e-05
118,774,MBT,96.4,-0.489,0.0,0.0,6.22,0.1,27.1,-63.9,9.78,0.0049,3.2,0.0034,0.0245,0.00012,8.81,0.002,2.88,0.0017,0.0147,1e-05
119,759,PC,65.6,-0.625,0.0,0.0,3.16,0.1,17.0,-42.0,9.86,0.0045,3.23,0.0036,0.0258,0.00021,8.87,0.0018,2.9,0.0018,0.0155,2e-05
120,773,PC,84.2,-0.127,0.0,0.0,6.91,0.1,17.0,-29.4,11.99,0.0062,3.93,0.0041,0.0296,0.0001,10.79,0.0025,3.53,0.002,0.0178,1e-05
121,782,MBT,95.2,-0.182,0.0,0.0,7.39,0.1,27.1,-58.2,11.32,0.0058,3.71,0.0039,0.028,0.0001,10.18,0.0023,3.33,0.0019,0.0168,1e-05
122,777,LCV,67.4,0.143,0.0,0.0,7.57,0.1,26.8,-26.6,19.68,0.0259,6.13,0.0109,0.0332,0.00323,17.71,0.0186,5.52,0.0076,0.0232,0.00032
123,793,MBT,97.5,0.119,0.0,0.0,12.73,0.1,27.1,-35.7,17.43,0.0095,5.71,0.0057,0.0419,4e-05,15.69,0.0038,5.14,0.0029,0.0252,0.0
124,805,PC,99.6,-0.045,0.0,0.0,10.49,0.1,17.0,-12.6,14.86,0.0079,4.87,0.005,0.0362,8e-05,13.37,0.0032,4.38,0.0025,0.0217,1e-05
125,800,PC,79.7,-0.127,0.0,0.0,6.28,0.1,17.0,-34.8,11.08,0.0057,3.63,0.0038,0.0274,0.0001,9.97,0.0023,3.27,0.0019,0.0164,1e-05
126,802,PC,68.8,-0.14,0.0,0.0,5.0,0.1,17.0,-34.8,11.08,0.0055,3.63,0.0038,0.0277,0.00013,9.97,0.0022,3.27,0.0019,0.0166,1e-05
127,835,MBT,87.0,-0.677,0.0,0.0,4.2,0.1,27.1,-69.6,8.23,0.004,2.69,0.003,0.0212,0.0002,7.41,0.0017,2.42,0.0016,0.0128,2e-05
128,809,PC,78.3,-0.179,0.0,0.0,5.94,0.1,17.0,-34.9,11.08,0.0056,3.63,0.0038,0.0276,0.00012,9.97,0.0022,3.26,0.0019,0.0166,1e-05
129,880,SUV,119.8,0.4,0.0,0.0,17.9,0.1,21.5,214.9,67.7,0.0407,22.17,0.0245,0.1745,0.00035,60.93,0.0163,19.95,0.0122,0.1047,4e-05
130,845,PC,90.6,-0.272,0.0,0.0,6.8,0.1,17.0,-31.0,11.73,0.006,3.84,0.004,0.0293,0.00012,10.56,0.0024,3.46,0.002,0.0176,1e-05
131,840,PC,86.0,0.01,0.0,0.0,9.48,0.1,17.0,-8.9,15.49,0.0082,5.07,0.0052,0.0378,9e-05,13.94,0.0033,4.57,0.0026,0.0227,1e-05
132,833,PC,63.6,0.101,0.0,0.0,5.97,0.1,17.0,-23.9,12.93,0.0069,4.23,0.0043,0.0314,8e-05,11.64,0.0028,3.81,0.0022,0.0189,1e-05
133,876,MBT,89.2,-0.731,0.0,0.0,4.92,0.1,27.1,-66.7,9.04,0.0042,2.96,0.0033,0.0234,0.00018,8.13,0.0017,2.66,0.0016,0.0141,2e-05
134,848,PC,57.8,-0.052,0.0,0.0,5.14,0.1,17.0,-13.2,14.75,0.0073,4.83,0.0051,0.037,0.00018,13.28,0.0029,4.35,0.0026,0.0222,2e-05
135,877,MBT,74.1,-1.339,0.0,0.0,2.49,0.1,27.1,-76.8,6.29,0.0025,2.05,0.0025,0.0172,0.00021,5.66,0.001,1.85,0.0013,0.0104,2e-05
136,861,PC,58.1,-0.034,0.0,0.0,3.35,0.1,17.0,-41.2,9.99,0.0049,3.27,0.0035,0.0252,0.00013,8.99,0.002,2.94,0.0017,0.0151,1e-05
137,856,PC,67.8,0.175,0.0,0.0,7.71,0.1,17.0,8.1,18.37,0.0096,6.02,0.0062,0.045,0.00012,16.54,0.0039,5.41,0.0031,0.027,1e-05
138,897,PC,90.3,-1.005,0.0,0.0,2.24,0.1,17.0,-64.9,5.97,0.0023,1.96,0.0024,0.0165,0.00021,5.37,0.0009,1.76,0.0012,0.0099,2e-05
139,908,MBT,96.4,-0.05,0.0,0.0,8.99,0.1,27.1,-52.3,12.93,0.0069,4.23,0.0043,0.0315,7e-05,11.63,0.0027,3.81,0.0022,0.0189,1e-05
140,911,PC,74.8,-0.036,0.0,0.0,6.88,0.1,17.0,-22.0,13.27,0.0069,4.34,0.0045,0.0327,0.00011,11.94,0.0027,3.91,0.0023,0.0196,1e-05
141,916,PC,68.7,-0.027,0.0,0.0,5.53,0.1,17.0,-32.6,11.45,0.0058,3.75,0.0039,0.0284,0.00011,10.31,0.0023,3.38,0.002,0.0171,1e-05
142,950,MBT,95.5,-0.353,0.0,0.0,5.75,0.1,27.1,-66.4,9.12,0.0047,2.98,0.0032,0.0226,0.00013,8.2,0.002,2.68,0.0016,0.0136,1e-05
143,947,MBT,70.9,-0.694,0.0,0.0,5.29,0.1,27.1,-56.8,11.71,0.0055,3.84,0.0042,0.0302,0.00021,10.54,0.0022,3.45,0.0021,0.0181,2e-05
144,943,SUV,73.2,-0.415,0.0,0.0,4.65,0.1,21.5,-52.3,10.25,0.0052,3.36,0.0037,0.0265,0.00016,9.22,0.0021,3.02,0.0019,0.0159,2e-05
145,959,SUV,67.1,0.181,0.0,0.0,8.36,0.1,21.5,-18.2,17.58,0.0098,5.76,0.0059,0.043,5e-05,15.82,0.0039,5.18,0.003,0.0258,1e-05
146,1011,LCV,67.8,0.299,0.0,0.0,7.98,0.1,26.8,5.5,28.28,0.0293,8.96,0.0135,0.0553,0.00307,25.46,0.0194,8.07,0.0088,0.0364,0.00031
147,936,PC,70.6,-0.09,0.0,0.0,10.32,0.1,17.0,14.4,19.46,0.0104,6.36,0.0067,0.0481,0.00023,17.51,0.0043,5.73,0.0034,0.0289,2e-05
148,939,PC,67.2,0.033,0.0,0.0,6.06,0.1,17.0,-29.5,11.98,0.0071,3.91,0.0042,0.0285,0.00021,10.78,0.0032,3.52,0.0022,0.0172,2e-05
149,942,PC,66.8,-0.042,0.0,0.0,4.59,0.1,17.0,-41.2,9.99,0.005,3.27,0.0034,0.0249,0.00011,8.99,0.002,2.94,0.0017,0.015,1e-05
150,997,MBT,104.5,-0.602,0.0,0.0,5.88,0.1,27.1,-66.8,8.99,0.0045,2.94,0.0032,0.0226,0.00013,8.09,0.0018,2.65,0.0016,0.0136,1e-05
151,970,PC,61.5,-1.143,0.0,0.0,3.78,0.1,17.0,-13.7,14.66,0.0064,4.8,0.0055,0.039,0.00037,13.2,0.0025,4.32,0.0028,0.0234,4e-05
152,1002,MBT,87.1,-1.095,0.0,0.0,5.8,0.1,27.1,-62.9,10.04,0.0047,3.29,0.0036,0.0259,0.00018,9.04,0.0019,2.96,0.0018,0.0156,2e-05
153,987,MBT,85.8,0.114,0.0,0.0,20.32,0.1,27.1,7.6,29.16,0.0158,9.54,0.0098,0.0706,0.0002,26.25,0.0065,8.59,0.0049,0.0424,2e-05
154,1027,MBT,94.5,0.049,0.0,0.0,11.98,0.1,27.1,-35.3,17.53,0.0092,5.74,0.0059,0.0428,0.00011,15.77,0.0037,5.16,0.0029,0.0257,1e-05
155,999,PC,66.9,-0.399,0.0,0.0,3.52,0.1,17.0,-47.4,8.95,0.0044,2.93,0.0032,0.0231,0.00015,8.06,0.0017,2.64,0.0016,0.0139,1e-05
156,1012,SUV,73.4,-0.546,0.0,0.0,3.43,0.1,21.5,-55.8,9.5,0.0048,3.11,0.0035,0.0251,0.00017,8.55,0.0019,2.8,0.0018,0.0151,2e-05
157,1024,MBT,100.0,0.304,0.0,0.0,19.3,0.1,27.1,-6.1,25.46,0.0142,8.33,0.0084,0.0608,0.00013,22.91,0.0059,7.5,0.0043,0.0366,1e-05
158,988,PC,68.1,-0.441,0.0,0.0,3.05,0.1,17.0,-53.4,7.92,0.0035,2.59,0.003,0.021,0.00019,7.13,0.0014,2.33,0.0015,0.0126,2e-05
159,1029,MBT,98.2,-0.867,0.0,0.0,3.21,0.1,27.1,-75.5,6.65,0.0035,2.17,0.0027,0.0171,0.0003,5.99,0.0017,1.95,0.0014,0.0104,3e-05
160,1017,PC,66.9,-0.952,0.0,0.0,2.68,0.1,17.0,-46.1,9.17,0.0038,3.0,0.0035,0.0248,0.00027,8.25,0.0015,2.7,0.0018,0.0149,3e-05
161,1034,PC,61.8,-0.406,0.0,0.0,2.01,0.1,17.0,-63.2,6.26,0.0027,2.05,0.0024,0.0167,0.00017,5.63,0.0011,1.84,0.0012,0.01,2e-05
162,1016,PC,75.6,-0.068,0.0,0.0,6.23,0.1,17.0,-28.1,12.22,0.0063,4.0,0.0042,0.0302,0.00011,10.99,0.0025,3.6,0.0021,0.0181,1e-05
163,1062,MBT,99.1,-0.401,0.0,0.0,6.34,0.1,27.1,-65.0,9.47,0.0048,3.1,0.0033,0.0237,0.00011,8.53,0.0019,2.79,0.0016,0.0142,1e-05
164,1069,MBT,95.3,-1.095,0.0,0.0,2.81,0.1,27.1,-75.2,6.72,0.0028,2.2,0.0026,0.0182,0.00022,6.05,0.0012,1.98,0.0013,0.0109,2e-05
165,1053,PC,69.5,0.033,0.0,0.0,6.02,0.1,17.0,-26.9,12.43,0.0064,4.07,0.0042,0.0307,0.00011,11.19,0.0026,3.66,0.0021,0.0184,1e-05
166,1060,PC,74.7,-0.06,0.0,0.0,5.45,0.1,17.0,-37.5,10.63,0.0055,3.48,0.0036,0.0261,8e-05,9.56,0.0022,3.13,0.0018,0.0157,1e-05
167,1089,LCV,64.8,-0.024,0.0,0.0,5.15,0.1,26.8,-44.2,14.96,0.0173,4.68,0.008,0.028,0.00219,13.46,0.0123,4.21,0.0055,0.0193,0.00022
168,1088,PC,64.8,-0.229,0.0,0.0,14.6,0.1,17.0,47.6,25.09,0.013,8.22,0.0085,0.0617,0.00019,22.59,0.0052,7.4,0.0042,0.037,2e-05
169,1102,PC,70.1,0.331,0.0,0.0,11.47,0.1,17.0,28.0,21.76,0.0119,7.13,0.0071,0.0523,5e-05,19.59,0.0047,6.41,0.0036,0.0314,0.0
170,1098,MBT,104.1,-0.313,0.0,0.0,11.09,0.1,27.1,-41.3,15.91,0.0085,5.2,0.0055,0.0389,0.00018,14.32,0.0035,4.68,0.0028,0.0234,2e-05
171,1111,PC,58.9,-1.09,0.0,0.0,3.99,0.1,17.0,-18.5,13.86,0.0061,4.54,0.0052,0.0366,0.00034,12.47,0.0024,4.08,0.0026,0.022,3e-05
172,1124,PC,48.7,-1.226,0.0,0.0,3.33,0.1,17.0,-29.8,11.94,0.0055,3.91,0.0046,0.0323,0.00031,10.75,0.0022,3.52,0.0023,0.0194,3e-05
173,1097,MBT,70.4,-0.851,0.0,0.0,5.87,0.1,27.1,-41.0,15.98,0.0142,5.1,0.0076,0.0347,0.00162,14.38,0.0092,4.59,0.0047,0.0223,0.00016
174,1132,PC,54.3,-0.239,0.0,0.0,4.98,0.1,17.0,-19.0,13.77,0.0066,4.51,0.005,0.0359,0.00025,12.4,0.0027,4.06,0.0025,0.0215,3e-05
175,1108,PC,81.6,0.034,0.0,0.0,8.27,0.1,17.0,-16.8,14.14,0.0075,4.63,0.0047,0.0344,7e-05,12.73,0.003,4.17,0.0024,0.0207,1e-05
176,1130,PC,58.8,0.008,0.0,0.0,8.21,0.1,17.0,7.3,18.24,0.0093,5.97,0.0063,0.0454,0.00018,16.41,0.0037,5.37,0.0031,0.0272,2e-05
177,1158,PC,65.0,-0.139,0.0,0.0,6.69,0.1,17.0,-12.2,14.93,0.0073,4.89,0.0053,0.0378,0.00022,13.43,0.0029,4.4,0.0026,0.0227,2e-05
178,1135,SUV,80.9,0.122,0.0,0.0,12.2,0.1,21.5,1.4,21.81,0.0124,7.14,0.0076,0.0546,0.0001,19.63,0.005,6.43,0.0038,0.0327,1e-05
179,1136,LCV,56.4,-0.998,0.0,0.0,3.33,0.1,26.8,-39.6,16.19,0.0159,5.07,0.0085,0.034,0.0022,14.57,0.0113,4.56,0.0058,0.0234,0.00022
180,1181,PC,119.9,0.838,0.0,0.0,32.31,0.1,17.0,200.5,51.09,0.0278,16.73,0.0168,0.1228,0.00013,45.98,0.0111,15.06,0.0084,0.0737,1e-05
181,1148,PC,83.0,0.003,0.0,0.0,8.15,0.1,17.0,-19.2,13.73,0.0073,4.5,0.0046,0.0335,8e-05,12.36,0.0029,4.05,0.0023,0.0201,1e-05
182,1207,PC,57.8,0.293,0.0,0.0,11.29,0.1,17.0,59.6,27.14,0.0143,8.89,0.0091,0.0663,0.00017,24.43,0.0057,8.0,0.0046,0.0398,2e-05
183,1177,PC,99.2,-0.205,0.0,0.0,8.83,0.1,17.0,-24.7,12.79,0.0067,4.19,0.0043,0.0314,9e-05,11.51,0.0027,3.77,0.0022,0.0189,1e-05
184,1170,HV,64.4,-0.013,0.0,0.0,4.83,0.1,93.8,-87.9,11.33,0.0058,3.71,0.0039,0.028,0.0001,10.2,0.0023,3.34,0.0019,0.0168,1e-05
185,1198,PC,105.4,0.271,0.0,0.0,19.86,0.1,17.0,46.7,24.93,0.0136,8.16,0.0082,0.0599,6e-05,22.44,0.0054,7.35,0.0041,0.0359,1e-05
186,1196,PC,65.1,0.201,0.0,0.0,7.86,0.1,17.0,-4.7,16.21,0.0088,5.31,0.0053,0.0389,4e-05,14.59,0.0035,4.78,0.0027,0.0234,0.0
187,1249,PC,85.5,0.411,0.0,0.0,13.95,0.1,17.0,97.2,33.53,0.0181,10.98,0.0111,0.081,0.00012,30.18,0.0072,9.88,0.0055,0.0486,1e-05
188,1213,SUV,72.0,-0.241,0.0,0.0,3.29,0.1,21.5,-65.3,7.47,0.0039,2.44,0.0027,0.0191,9e-05,6.72,0.0016,2.2,0.0013,0.0115,1e-05
189,1201,PC,65.5,-0.308,0.0,0.0,3.79,0.1,17.0,-39.2,10.34,0.005,3.39,0.0037,0.0264,0.00016,9.31,0.002,3.05,0.0018,0.0158,2e-05
190,1226,PC,66.6,-0.416,0.0,0.0,8.96,0.1,17.0,10.9,18.86,0.0095,6.17,0.0065,0.0471,0.00021,16.97,0.0038,5.56,0.0033,0.0283,2e-05
191,1224,PC,71.3,-0.562,0.0,0.0,3.2,0.1,17.0,-53.6,7.89,0.0036,2.58,0.0029,0.0205,0.00016,7.1,0.0014,2.32,0.0014,0.0123,2e-05
192,1257,PC,68.0,0.108,0.0,0.0,6.86,0.1,17.0,-18.2,13.9,0.008,4.54,0.0048,0.0332,0.00018,12.51,0.0035,4.09,0.0025,0.02,2e-05
193,1255,PC,79.2,0.124,0.0,0.0,8.83,0.1,17.0,-10.0,15.31,0.0083,5.01,0.005,0.0369,5e-05,13.77,0.0033,4.51,0.0025,0.0222,1e-05
194,1265,MBT,81.9,-1.23,0.0,0.0,4.35,0.1,27.1,-58.5,11.24,0.005,3.68,0.0042,0.0296,0.00026,10.12,0.002,3.31,0.0021,0.0178,3e-05
195,1260,MBT,71.8,-1.016,0.0,0.0,7.08,0.1,27.1,-32.1,18.39,0.0088,6.02,0.0065,0.0469,0.00029,16.55,0.0035,5.42,0.0033,0.0281,3e-05
196,1280,PC,74.5,0.044,0.0,0.0,7.64,0.1,17.0,-15.9,14.3,0.0076,4.68,0.0048,0.035,9e-05,12.87,0.003,4.21,0.0024,0.021,1e-05
197,1279,HV,76.5,0.086,0.0,0.0,8.43,0.1,93.8,-83.8,15.19,0.0081,4.97,0.0051,0.037,8e-05,13.67,0.0032,4.47,0.0025,0.0222,1e-05
198,1294,LCV,68.9,-0.844,0.0,0.0,3.08,0.1,26.8,-68.0,8.57,0.0042,2.75,0.0034,0.0221,0.00037,7.71,0.0021,2.48,0.002,0.0142,4e-05
199,1307,PC,77.7,0.035,0.0,0.0,6.74,0.1,17.0,-26.7,12.47,0.0066,4.08,0.0042,0.0304,7e-05,11.22,0.0026,3.67,0.0021,0.0182,1e-05
200,1296,PC,73.4,-0.03,0.0,0.0,5.98,0.1,17.0,-31.0,11.73,0.0061,3.84,0.004,0.0289,9e-05,10.56,0.0024,3.46,0.002,0.0173,1e-05
201,1318,MBT,101.8,-0.076,0.0,0.0,9.89,0.1,27.1,-48.7,13.9,0.0073,4.55,0.0047,0.0339,8e-05,12.51,0.0029,4.1,0.0023,0.0203,1e-05
202,1313,PC,85.3,-0.29,0.0,0.0,6.7,0.1,17.0,-30.1,11.89,0.006,3.89,0.0041,0.0296,0.00012,10.7,0.0024,3.5,0.002,0.0177,1e-05
203,1342,PC,66.4,-0.171,0.0,0.0,3.66,0.1,17.0,-47.7,8.9,0.0044,2.91,0.0031,0.0225,0.00012,8.01,0.0018,2.62,0.0016,0.0135,1e-05
204,1331,HV,74.1,-0.13,0.0,0.0,4.17,0.1,93.8,-91.3,8.14,0.0042,2.67,0.0028,0.0202,8e-05,7.33,0.0017,2.4,0.0014,0.0121,1e-05
205,1336,PC,67.2,0.058,0.0,0.0,6.84,0.1,17.0,-14.1,14.61,0.0076,4.78,0.0049,0.0359,0.0001,13.15,0.0031,4.31,0.0025,0.0215,1e-05
206,1370,PC,98.6,-0.119,0.0,0.0,10.35,0.1,17.0,-10.8,15.16,0.008,4.96,0.0051,0.037,9e-05,13.65,0.0032,4.47,0.0025,0.0222,1e-05
207,1345,PC,69.1,-0.135,0.0,0.0,4.72,0.1,17.0,-39.9,10.22,0.005,3.35,0.0036,0.0258,0.00014,9.2,0.002,3.01,0.0018,0.0155,1e-05
208,1380,MBT,102.9,0.172,0.0,0.0,15.24,0.1,27.1,-26.2,20.0,0.011,6.54,0.0066,0.0479,7e-05,18.0,0.0045,5.89,0.0033,0.0288,1e-05
209,1366,LCV,76.7,-0.016,0.0,0.0,7.23,0.1,26.8,-46.9,14.22,0.0098,4.61,0.0055,0.0327,0.00058,12.8,0.0052,4.15,0.0031,0.0201,6e-05
210,1361,PC,76.0,0.142,0.0,0.0,9.33,0.1,17.0,-3.4,16.41,0.0088,5.37,0.0054,0.0398,7e-05,14.77,0.0035,4.84,0.0027,0.0239,1e-05
211,1376,PC,76.6,-0.289,0.0,0.0,4.28,0.1,17.0,-48.4,8.77,0.0043,2.87,0.0031,0.0223,0.00013,7.89,0.0017,2.58,0.0015,0.0134,1e-05
212,1390,MBT,96.8,-0.943,0.0,0.0,3.3,0.1,27.1,-74.8,6.84,0.0029,2.24,0.0026,0.0182,0.00019,6.15,0.0012,2.01,0.0013,0.011,2e-05
213,1403,MBT,101.6,-0.366,0.0,0.0,8.82,0.1,27.1,-52.6,12.85,0.0072,4.2,0.0046,0.0314,0.00026,11.57,0.0032,3.78,0.0024,0.019,3e-05
214,1388,PC,77.5,-0.028,0.0,0.0,5.68,0.1,17.0,-40.2,10.17,0.0053,3.33,0.0034,0.0249,7e-05,9.16,0.0021,3.0,0.0017,0.015,1e-05
215,1414,MBT,99.9,-0.502,0.0,0.0,6.68,0.1,27.1,-60.8,10.62,0.0064,3.45,0.004,0.0257,0.00038,9.56,0.0032,3.11,0.0022,0.0156,4e-05
216,1421,MBT,91.5,-0.601,0.0,0.0,5.44,0.1,27.1,-64.0,9.76,0.0047,3.2,0.0035,0.0249,0.00016,8.78,0.0019,2.88,0.0017,0.015,2e-05
217,1425,MBT,102.2,0.158,0.0,0.0,15.32,0.1,27.1,-26.6,19.89,0.0111,6.51,0.0066,0.0475,0.0001,17.9,0.0046,5.86,0.0033,0.0286,1e-05
218,1401,PC,59.9,-0.033,0.0,0.0,4.13,0.1,17.0,-40.6,10.09,0.0051,3.3,0.0035,0.0251,0.00011,9.08,0.002,2.97,0.0017,0.0151,1e-05
219,1411,PC,69.0,-0.065,0.0,0.0,5.1,0.1,17.0,-36.8,10.74,0.0055,3.52,0.0037,0.0267,0.0001,9.67,0.0022,3.16,0.0018,0.016,1e-05
220,1432,LCV,107.1,0.08,0.0,0.0,13.86,0.1,26.8,-13.2,23.26,0.0308,7.25,0.0129,0.0391,0.00387,20.94,0.0222,6.52,0.009,0.0274,0.00039
221,1418,PC,63.7,0.08,0.0,0.0,5.92,0.1,17.0,-28.2,12.21,0.0066,4.0,0.004,0.0296,5e-05,10.99,0.0026,3.6,0.002,0.0177,0.0
222,1447,SUV,101.8,-1.018,0.0,0.0,8.46,0.1,21.5,-31.9,14.65,0.0078,4.8,0.0053,0.0379,0.00018,13.19,0.0031,4.32,0.0027,0.0228,2e-05
223,1430,PC,69.1,-0.093,0.0,0.0,5.56,0.1,17.0,-31.4,11.66,0.0059,3.82,0.004,0.0291,0.00013,10.5,0.0024,3.44,0.002,0.0175,1e-05
224,1456,LCV,103.5,0.066,0.0,0.0,13.68,0.1,26.8,-23.6,20.47,0.0184,6.55,0.0089,0.0427,0.00161,18.42,0.0113,5.9,0.0055,0.0272,0.00016
225,1433,PC,62.2,-0.038,0.0,0.0,5.35,0.1,17.0,-25.1,12.73,0.0064,4.17,0.0044,0.0318,0.00014,11.46,0.0026,3.75,0.0022,0.0191,1e-05
226,1462,SUV,65.5,-1.09,0.0,0.0,2.81,0.1,21.5,-60.3,8.52,0.0035,2.79,0.0033,0.0232,0.00027,7.67,0.0014,2.51,0.0016,0.0139,3e-05
227,1458,PC,71.1,-0.141,0.0,0.0,4.72,0.1,17.0,-40.1,10.19,0.0051,3.34,0.0036,0.0256,0.00013,9.17,0.002,3.0,0.0018,0.0154,1e-05
228,1452,PC,68.3,-0.124,0.0,0.0,4.71,0.1,17.0,-40.3,10.15,0.005,3.32,0.0036,0.0256,0.00013,9.14,0.002,2.99,0.0018,0.0154,1e-05
229,1471,MBT,64.2,-1.238,0.0,0.0,2.68,0.1,27.1,-61.6,10.41,0.0042,3.41,0.004,0.0283,0.00033,9.37,0.0017,3.07,0.002,0.017,3e-05
230,1479,MBT,93.0,0.09,0.0,0.0,11.23,0.1,27.1,-40.8,16.05,0.009,5.25,0.0054,0.0384,0.0001,14.45,0.0037,4.73,0.0027,0.0231,1e-05
231,1464,PC,68.2,-0.057,0.0,0.0,5.25,0.1,17.0,-36.9,10.73,0.0055,3.51,0.0037,0.0266,0.0001,9.65,0.0022,3.16,0.0018,0.0159,1e-05
232,1497,PC,81.4,-0.023,0.0,0.0,8.49,0.1,17.0,-15.0,14.45,0.0075,4.73,0.0049,0.0355,0.0001,13.0,0.003,4.26,0.0024,0.0213,1e-05
233,1470,PC,64.5,-0.782,0.0,0.0,9.08,0.1,17.0,10.8,18.84,0.0093,6.17,0.0066,0.0474,0.00024,16.95,0.0037,5.55,0.0033,0.0284,2e-05
234,1523,MBT,72.0,-0.669,0.0,0.0,12.64,0.1,27.1,-19.7,21.76,0.0146,7.06,0.0084,0.0506,0.00089,19.58,0.0077,6.35,0.0047,0.0311,9e-05
235,1550,PC,86.0,0.217,0.0,0.0,8.46,0.1,17.0,44.3,24.52,0.0128,8.03,0.0083,0.0602,0.00018,22.07,0.0051,7.23,0.0041,0.0361,2e-05
236,1548,PC,79.7,0.663,0.0,0.0,18.14,0.1,17.0,144.9,41.63,0.0226,13.63,0.0137,0.1002,0.00011,37.47,0.009,12.27,0.0068,0.0601,1e-05
237,1502,SUV,56.0,-0.867,0.0,0.0,11.53,0.1,21.5,6.4,22.88,0.0116,7.49,0.0079,0.0569,0.00023,20.59,0.0046,6.74,0.0039,0.0342,2e-05
238,1521,SUV,20.1,0.235,0.0,0.0,14.0,0.1,21.5,126.3,48.66,0.0288,15.93,0.0174,0.1245,0.00026,43.79,0.0115,14.34,0.0087,0.0747,3e-05
239,1524,MBT,88.5,-0.117,0.0,0.0,8.27,0.1,27.1,-55.7,12.0,0.0063,3.93,0.004,0.0294,8e-05,10.8,0.0025,3.54,0.002,0.0177,1e-05
240,1516,MBT,95.7,-0.077,0.0,0.0,9.83,0.1,27.1,-45.2,14.85,0.0078,4.86,0.005,0.0363,9e-05,13.36,0.0031,4.37,0.0025,0.0218,1e-05
241,1543,PC,69.4,0.129,0.0,0.0,7.72,0.1,17.0,-15.7,14.33,0.0078,4.69,0.0047,0.0345,4e-05,12.9,0.0031,4.22,0.0024,0.0207,0.0
242,1544,MBT,82.0,0.106,0.0,0.0,8.61,0.1,27.1,-45.7,14.7,0.0079,4.81,0.0049,0.0355,5e-05,13.23,0.0032,4.33,0.0024,0.0213,1e-05
243,1547,PC,71.5,0.292,0.0,0.0,11.3,0.1,17.0,22.1,20.76,0.0113,6.8,0.0068,0.0499,5e-05,18.69,0.0045,6.12,0.0034,0.0299,0.0
244,1519,PC,85.7,0.014,0.0,0.0,9.13,0.1,17.0,-14.4,14.56,0.0078,4.77,0.0048,0.0354,7e-05,13.1,0.0031,4.29,0.0024,0.0212,1e-05
245,1545,PC,69.3,-0.129,0.0,0.0,4.03,0.1,17.0,-45.9,9.19,0.0045,3.01,0.0032,0.0233,0.00013,8.27,0.0018,2.71,0.0016,0.014,1e-05
246,1566,MBT,99.7,-0.567,0.0,0.0,5.65,0.1,27.1,-67.8,8.73,0.0043,2.86,0.0031,0.022,0.00012,7.86,0.0017,2.57,0.0015,0.0132,1e-05
247,1552,PC,64.7,-0.437,0.0,0.0,1.65,0.1,17.0,-68.4,5.36,0.0021,1.76,0.0021,0.0148,0.00019,4.83,0.0008,1.58,0.0011,0.0089,2e-05
248,1557,PC,76.6,-0.114,0.0,0.0,5.73,0.1,17.0,-30.2,11.87,0.0063,3.89,0.0041,0.0298,0.00011,10.69,0.0025,3.5,0.0021,0.0179,1e-05
249,1575,SUV,71.2,-0.201,0.0,0.0,5.75,0.1,21.5,-43.2,12.21,0.0063,4.0,0.0043,0.0309,0.00014,10.99,0.0025,3.6,0.0021,0.0185,1e-05
250,1594,SUV,95.4,-0.634,0.0,0.0,14.78,0.1,21.5,-7.0,20.0,0.0112,6.53,0.007,0.0487,0.0003,18.0,0.0049,5.88,0.0036,0.0294,3e-05
251,1622,SUV,89.9,0.423,0.0,0.0,12.65,0.1,21.5,126.1,48.61,0.0365,15.76,0.0194,0.1163,0.00178,43.75,0.0187,14.19,0.0108,0.0714,0.00018
252,1578,PC,79.7,-0.251,0.0,0.0,5.57,0.1,17.0,-37.1,10.7,0.0054,3.5,0.0038,0.0271,0.00013,9.63,0.0022,3.15,0.0019,0.0162,1e-05
253,1582,PC,70.8,0.172,0.0,0.0,8.84,0.1,17.0,-4.2,16.29,0.0089,5.33,0.0053,0.0391,4e-05,14.66,0.0036,4.8,0.0027,0.0235,0.0
254,1585,PC,71.2,0.005,0.0,0.0,7.51,0.1,17.0,-23.3,13.05,0.0068,4.27,0.0044,0.0321,0.0001,11.74,0.0027,3.84,0.0022,0.0193,1e-05
255,1601,MBT,102.0,-0.129,0.0,0.0,9.29,0.1,27.1,-51.7,13.08,0.0068,4.28,0.0044,0.0321,9e-05,11.77,0.0027,3.86,0.0022,0.0193,1e-05
256,1608,PC,99.8,-0.086,0.0,0.0,9.96,0.1,17.0,-15.3,14.4,0.0075,4.71,0.0049,0.0353,0.0001,12.96,0.003,4.24,0.0024,0.0212,1e-05
257,1605,PC,71.9,-0.452,0.0,0.0,3.24,0.1,17.0,-54.7,7.7,0.0035,2.52,0.0028,0.02,0.00015,6.93,0.0014,2.27,0.0014,0.012,2e-05
258,1621,PC,84.0,0.011,0.0,0.0,8.97,0.1,17.0,-12.5,14.87,0.0079,4.87,0.005,0.0362,8e-05,13.38,0.0031,4.38,0.0025,0.0217,1e-05
259,1625,PC,72.0,0.201,0.0,0.0,9.44,0.1,17.0,1.9,17.32,0.0094,5.67,0.0057,0.0417,5e-05,15.58,0.0038,5.1,0.0028,0.025,0.0
260,1628,PC,71.8,-0.053,0.0,0.0,5.73,0.1,17.0,-31.9,11.58,0.0062,3.79,0.0039,0.0286,8e-05,10.42,0.0025,3.41,0.002,0.0172,1e-05
261,1641,PC,71.8,0.054,0.0,0.0,6.42,0.1,17.0,-26.0,12.58,0.0067,4.12,0.0042,0.0307,7e-05,11.32,0.0027,3.71,0.0021,0.0184,1e-05
262,1660,SUV,58.3,-1.039,0.0,0.0,6.82,0.1,21.5,2.6,22.07,0.012,7.23,0.0082,0.0583,0.00031,19.86,0.0048,6.5,0.0041,0.035,3e-05
263,1649,PC,78.6,-0.051,0.0,0.0,6.92,0.1,17.0,-24.4,12.86,0.0067,4.21,0.0043,0.0315,9e-05,11.57,0.0027,3.79,0.0022,0.0189,1e-05
264,1665,PC,53.6,-0.969,0.0,0.0,7.91,0.1,17.0,25.1,21.27,0.0113,6.95,0.0077,0.0549,0.00027,19.14,0.0045,6.26,0.0039,0.0332,3e-05
265,1650,HV,30.4,0.124,0.0,0.0,1.89,0.1,93.8,-85.2,13.92,0.0069,4.56,0.0049,0.035,0.00018,12.53,0.0028,4.1,0.0024,0.021,2e-05
266,1670,PC,61.7,-0.86,0.0,0.0,2.23,0.1,17.0,-54.1,7.8,0.0031,2.55,0.0031,0.0214,0.00026,7.02,0.0012,2.3,0.0015,0.0128,3e-05
267,1669,PC,84.7,-0.404,0.0,0.0,4.96,0.1,17.0,-47.8,8.87,0.0043,2.9,0.0032,0.0226,0.00014,7.98,0.0017,2.61,0.0016,0.0136,1e-05
268,1676,PC,86.1,-0.421,0.0,0.0,5.4,0.1,17.0,-43.9,9.54,0.0047,3.13,0.0033,0.0241,0.00013,8.59,0.0019,2.81,0.0017,0.0145,1e-05
269,1689,MBT,99.2,-0.735,0.0,0.0,5.76,0.1,27.1,-63.6,9.85,0.0054,3.21,0.0037,0.0245,0.00031,8.87,0.0026,2.89,0.002,0.0149,3e-05
270,1687,PC,86.2,0.185,0.0,0.0,11.84,0.1,17.0,7.9,18.35,0.01,6.01,0.006,0.0441,5e-05,16.52,0.004,5.41,0.003,0.0265,0.0
271,1679,PC,65.1,-0.48,0.0,0.0,5.18,0.1,17.0,-27.1,12.4,0.0059,4.06,0.0044,0.0317,0.0002,11.16,0.0024,3.65,0.0022,0.019,2e-05
272,1683,SUV,52.1,-1.18,0.0,0.0,5.51,0.1,21.5,-30.2,15.02,0.007,4.92,0.0054,0.0388,0.00029,13.51,0.0028,4.42,0.0027,0.0233,3e-05
273,1705,PC,83.2,0.043,0.0,0.0,8.64,0.1,17.0,-16.5,14.19,0.0075,4.65,0.0047,0.0346,7e-05,12.77,0.003,4.18,0.0024,0.0207,1e-05
274,1710,PC,64.4,0.154,0.0,0.0,7.15,0.1,17.0,-13.2,14.76,0.008,4.83,0.0049,0.0356,4e-05,13.29,0.0032,4.35,0.0024,0.0213,0.0
275,1720,PC,83.1,-0.138,0.0,0.0,6.21,0.1,17.0,-35.5,10.96,0.0056,3.59,0.0038,0.0273,0.00011,9.86,0.0022,3.23,0.0019,0.0164,1e-05
276,1711,PC,62.7,-0.922,0.0,0.0,1.88,0.1,17.0,-46.0,9.17,0.0034,3.0,0.0037,0.0256,0.00035,8.26,0.0014,2.7,0.0018,0.0154,4e-05
277,1715,PC,80.8,-0.248,0.0,0.0,5.49,0.1,17.0,-40.7,10.07,0.005,3.3,0.0035,0.0252,0.00012,9.07,0.002,2.97,0.0017,0.0151,1e-05
278,1721,LCV,67.1,-0.645,0.0,0.0,2.83,0.1,26.8,-63.3,9.85,0.0103,3.07,0.0053,0.0199,0.00143,8.86,0.0074,2.76,0.0037,0.014,0.00014
279,1726,MBT,99.8,-0.347,0.0,0.0,6.06,0.1,27.1,-67.0,8.95,0.0045,2.93,0.0031,0.0223,9e-05,8.06,0.0018,2.64,0.0015,0.0134,1e-05
280,1742,PC,92.7,-0.308,0.0,0.0,6.93,0.1,17.0,-30.6,11.79,0.0062,3.86,0.0041,0.0297,0.00012,10.61,0.0025,3.48,0.0021,0.0178,1e-05
281,1760,MBT,98.0,-0.161,0.0,0.0,8.23,0.1,27.1,-53.9,12.5,0.0066,4.09,0.0043,0.0308,0.00014,11.25,0.0027,3.68,0.0022,0.0185,1e-05
282,1787,MBT,101.1,0.432,0.0,0.0,23.42,0.1,27.1,17.8,31.93,0.0174,10.45,0.0105,0.0768,8e-05,28.74,0.0069,9.41,0.0052,0.0461,1e-05
283,1739,PC,75.5,-0.087,0.0,0.0,5.85,0.1,17.0,-32.1,11.54,0.0058,3.78,0.004,0.0288,0.00013,10.39,0.0023,3.4,0.002,0.0173,1e-05
284,1756,PC,73.9,-0.083,0.0,0.0,5.93,0.1,17.0,-30.6,11.8,0.0059,3.86,0.0041,0.0296,0.00014,10.62,0.0024,3.48,0.0021,0.0178,1e-05
285,1791,PC,99.9,-0.371,0.0,0.0,6.97,0.1,17.0,-39.2,10.33,0.0052,3.38,0.0036,0.0257,0.00011,9.3,0.0021,3.04,0.0018,0.0154,1e-05
286,1792,PC,102.0,0.074,0.0,0.0,13.21,0.1,17.0,7.4,18.26,0.0098,5.98,0.0061,0.0442,7e-05,16.44,0.0039,5.38,0.003,0.0265,1e-05
287,1796,MBT,105.0,0.079,0.0,0.0,13.94,0.1,27.1,-33.3,18.07,0.0098,5.92,0.0059,0.0436,5e-05,16.26,0.0039,5.32,0.003,0.0261,1e-05
288,1766,PC,71.9,-0.047,0.0,0.0,5.32,0.1,17.0,-39.5,10.28,0.0053,3.36,0.0035,0.0254,8e-05,9.25,0.0021,3.03,0.0017,0.0152,1e-05
289,1810,MBT,102.1,-0.253,0.0,0.0,8.52,0.1,27.1,-54.5,12.32,0.0068,4.03,0.0043,0.0299,0.00018,11.09,0.003,3.62,0.0022,0.0181,2e-05
290,1814,PC,89.9,0.088,0.0,0.0,10.48,0.1,17.0,-9.3,15.42,0.0084,5.05,0.0051,0.0371,4e-05,13.87,0.0034,4.54,0.0025,0.0223,0.0
291,1819,PC,76.7,-0.164,0.0,0.0,5.91,0.1,17.0,-34.8,11.09,0.0057,3.63,0.0038,0.0275,0.0001,9.98,0.0023,3.27,0.0019,0.0165,1e-05
292,1830,PC,102.7,0.283,0.0,0.0,18.22,0.1,17.0,42.8,24.28,0.0132,7.95,0.008,0.0583,5e-05,21.85,0.0053,7.15,0.004,0.035,1e-05
293,1843,MBT,101.1,0.183,0.0,0.0,14.98,0.1,27.1,-26.1,20.03,0.0109,6.56,0.0066,0.0481,5e-05,18.03,0.0044,5.9,0.0033,0.0289,0.0
294,1832,MBT,69.1,-0.891,0.0,0.0,4.44,0.1,27.1,-54.3,12.38,0.0085,4.0,0.0053,0.0296,0.00083,11.14,0.0049,3.6,0.0031,0.0184,8e-05
295,1821,HV,48.2,-0.368,0.0,0.0,2.73,0.1,93.8,-90.1,9.26,0.0042,3.03,0.0034,0.0242,0.0002,8.33,0.0017,2.73,0.0017,0.0145,2e-05
296,1884,LCV,86.2,0.282,0.0,0.0,8.6,0.1,26.8,8.2,29.01,0.0191,9.41,0.0107,0.0671,0.00091,26.11,0.0097,8.47,0.006,0.0414,9e-05
297,1865,LCV,57.5,-0.234,0.0,0.0,8.99,0.1,26.8,-15.5,22.64,0.0205,7.2,0.0104,0.0477,0.00211,20.37,0.0132,6.48,0.0066,0.0311,0.00021
298,1882,PC,61.4,0.051,0.0,0.0,4.98,0.1,17.0,-32.2,11.52,0.0059,3.77,0.0039,0.0285,0.0001,10.37,0.0024,3.39,0.002,0.0171,1e-05
299,1869,PC,55.7,-0.386,0.0,0.0,13.67,0.1,17.0,57.8,26.83,0.0139,8.79,0.0091,0.0662,0.00022,24.15,0.0055,7.91,0.0046,0.0397,2e-05
300,1901,PC,60.5,0.048,0.0,0.0,4.91,0.1,17.0,-34.3,11.17,0.0059,3.66,0.0037,0.0273,7e-05,10.05,0.0024,3.29,0.0019,0.0164,1e-05
301,1888,PC,49.3,-0.445,0.0,0.0,6.43,0.1,17.0,40.1,23.82,0.0117,7.8,0.0084,0.0602,0.00033,21.43,0.0047,7.02,0.0042,0.0361,3e-05
302,1915,PC,100.1,-0.001,0.0,0.0,9.86,0.1,17.0,-13.8,14.65,0.008,4.8,0.005,0.0361,7e-05,13.19,0.0032,4.32,0.0025,0.0217,1e-05
303,1909,PC,74.8,-0.101,0.0,0.0,5.68,0.1,17.0,-36.0,10.87,0.0056,3.56,0.0037,0.0269,0.0001,9.79,0.0022,3.2,0.0019,0.0162,1e-05
304,1911,PC,82.6,-0.01,0.0,0.0,8.05,0.1,17.0,-15.2,14.42,0.0077,4.72,0.0049,0.0358,0.0001,12.98,0.0031,4.25,0.0025,0.0215,1e-05
305,1940,SUV,99.6,-0.644,0.0,0.0,5.25,0.1,21.5,-51.0,10.54,0.0057,3.45,0.0039,0.0278,0.00015,9.48,0.0023,3.11,0.002,0.0167,1e-05
306,1925,PC,104.9,-0.147,0.0,0.0,10.31,0.1,17.0,-16.0,14.27,0.0074,4.67,0.0048,0.0351,0.00011,12.85,0.003,4.21,0.0024,0.0211,1e-05
307,1934,PC,99.8,-0.505,0.0,0.0,5.69,0.1,17.0,-47.3,8.95,0.0045,2.93,0.0031,0.0226,0.00012,8.06,0.0018,2.64,0.0016,0.0136,1e-05
308,1935,PC,84.2,0.144,0.0,0.0,11.52,0.1,17.0,14.8,19.51,0.0108,6.39,0.0066,0.048,8e-05,17.56,0.0043,5.75,0.0033,0.0288,1e-05
309,1982,PC,66.9,0.272,0.0,0.0,6.36,0.1,17.0,54.5,26.27,0.0139,8.6,0.0088,0.0641,0.00015,23.64,0.0056,7.74,0.0044,0.0384,1e-05
310,1967,MBT,96.3,-0.08,0.0,0.0,8.6,0.1,27.1,-54.1,12.43,0.0066,4.07,0.0041,0.0303,6e-05,11.19,0.0026,3.66,0.0021,0.0182,1e-05
311,1992,SUV,99.2,-0.733,0.0,0.0,7.66,0.1,21.5,-28.3,15.42,0.0122,4.96,0.0067,0.0363,0.001,13.88,0.007,4.46,0.004,0.0228,0.0001
312,1997,PC,65.5,0.124,0.0,0.0,6.84,0.1,17.0,-19.3,13.72,0.0074,4.49,0.0045,0.0331,5e-05,12.34,0.003,4.04,0.0023,0.0199,0.0
313,2000,PC,64.2,0.124,0.0,0.0,7.39,0.1,17.0,-15.2,14.41,0.0078,4.72,0.0047,0.0347,4e-05,12.97,0.0031,4.25,0.0024,0.0208,0.0
314,1981,PC,77.9,-0.193,0.0,0.0,5.79,0.1,17.0,-34.6,11.12,0.0056,3.64,0.0038,0.0277,0.00011,10.01,0.0023,3.28,0.0019,0.0166,1e-05
315,2004,PC,68.9,-0.742,0.0,0.0,11.11,0.1,17.0,14.8,19.52,0.0099,6.39,0.0067,0.0486,0.0002,17.57,0.004,5.75,0.0034,0.0291,2e-05
316,2045,MBT,104.2,0.346,0.0,0.0,21.6,0.1,27.1,2.6,27.8,0.0152,9.1,0.0091,0.0668,6e-05,25.02,0.0061,8.19,0.0046,0.0401,1e-05
317,2060,MBT,86.9,-1.055,0.0,0.0,3.93,0.1,27.1,-68.1,8.63,0.0038,2.83,0.0032,0.0229,0.00022,7.77,0.0015,2.54,0.0016,0.0137,2e-05
318,2066,MBT,96.2,-0.583,0.0,0.0,7.42,0.1,27.1,-56.9,11.69,0.0057,3.83,0.0041,0.0296,0.00016,10.52,0.0023,3.45,0.0021,0.0178,2e-05
319,2062,PC,79.8,0.135,0.0,0.0,9.38,0.1,17.0,-6.7,15.87,0.0086,5.2,0.0052,0.0383,5e-05,14.28,0.0034,4.68,0.0026,0.023,0.0
320,2089,MBT,99.3,-0.557,0.0,0.0,7.84,0.1,27.1,-56.2,11.86,0.0059,3.88,0.0041,0.0298,0.00015,10.68,0.0024,3.5,0.0021,0.0179,1e-05
321,2088,MBT,76.6,-0.915,0.0,0.0,10.34,0.1,27.1,-36.2,17.3,0.0087,5.66,0.006,0.0432,0.00019,15.57,0.0035,5.1,0.003,0.0259,2e-05
322,2101,PC,78.8,-0.167,0.0,0.0,5.83,0.1,17.0,-35.0,11.05,0.0056,3.62,0.0038,0.0275,0.00011,9.95,0.0023,3.26,0.0019,0.0165,1e-05
323,2106,PC,85.9,0.0,0.0,0.0,8.91,0.1,17.0,-16.3,14.23,0.0075,4.66,0.0048,0.035,9e-05,12.81,0.003,4.19,0.0024,0.021,1e-05
324,2121,PC,98.6,-0.203,0.0,0.0,9.04,0.1,17.0,-23.0,13.08,0.0069,4.28,0.0044,0.032,8e-05,11.78,0.0028,3.86,0.0022,0.0192,1e-05
325,2127,PC,57.7,-0.87,0.0,0.0,8.97,0.1,17.0,23.3,20.96,0.0104,6.86,0.0073,0.0527,0.00026,18.86,0.0042,6.18,0.0037,0.0316,3e-05
326,2148,MBT,84.6,-1.055,0.0,0.0,6.19,0.1,27.1,-53.5,12.6,0.006,4.12,0.0045,0.0323,0.00022,11.34,0.0024,3.71,0.0023,0.0194,2e-05
327,2151,PC,99.4,0.113,0.0,0.0,12.57,0.1,17.0,1.3,17.22,0.0094,5.64,0.0057,0.0414,4e-05,15.5,0.0037,5.07,0.0028,0.0249,0.0
328,2147,PC,78.2,-0.07,0.0,0.0,4.94,0.1,17.0,-47.9,8.86,0.0046,2.9,0.003,0.0219,8e-05,7.97,0.0018,2.61,0.0015,0.0131,1e-05
329,2177,MBT,102.0,-0.512,0.0,0.0,6.61,0.1,27.1,-63.2,9.98,0.005,3.27,0.0035,0.025,0.00012,8.98,0.002,2.94,0.0017,0.015,1e-05
330,2198,LCV,117.8,0.357,0.0,0.0,18.78,0.1,26.8,56.2,41.87,0.0443,13.26,0.0201,0.0809,0.0047,37.69,0.0296,11.93,0.0132,0.0534,0.00047
331,2182,MBT,100.7,-0.942,0.0,0.0,4.61,0.1,27.1,-70.1,8.11,0.0043,2.64,0.0031,0.0206,0.00029,7.3,0.002,2.38,0.0017,0.0125,3e-05
332,2217,LCV,74.5,0.36,0.0,0.0,10.09,0.1,26.8,28.2,34.37,0.033,10.96,0.0156,0.0697,0.00316,30.93,0.0211,9.86,0.0098,0.0449,0.00032
333,2175,PC,79.9,-0.105,0.0,0.0,6.1,0.1,17.0,-27.6,12.3,0.0074,4.01,0.0045,0.0295,0.00034,11.07,0.0035,3.61,0.0024,0.0179,3e-05
334,2183,MBT,89.3,-0.344,0.0,0.0,6.4,0.1,27.1,-57.9,11.42,0.0057,3.74,0.004,0.0287,0.00014,10.27,0.0023,3.36,0.002,0.0172,1e-05
335,2207,PC,91.5,-0.177,0.0,0.0,5.3,0.1,17.0,-49.5,8.58,0.0043,2.81,0.003,0.0216,0.00011,7.72,0.0017,2.53,0.0015,0.0129,1e-05
336,2188,PC,79.0,-0.504,0.0,0.0,3.92,0.1,17.0,-50.9,8.35,0.0039,2.74,0.003,0.0216,0.00016,7.52,0.0016,2.46,0.0015,0.0129,2e-05
337,2205,PC,96.6,0.613,0.0,0.0,19.48,0.1,17.0,113.9,36.36,0.0197,11.9,0.012,0.0876,0.00011,32.72,0.0079,10.71,0.006,0.0526,1e-05
338,2176,PC,64.4,-0.001,0.0,0.0,5.43,0.1,17.0,-30.1,11.88,0.0062,3.89,0.0041,0.0294,0.0001,10.7,0.0025,3.5,0.002,0.0177,1e-05
339,2208,PC,75.9,0.206,0.0,0.0,11.15,0.1,17.0,9.6,18.63,0.0101,6.1,0.0061,0.0448,5e-05,16.76,0.0041,5.49,0.0031,0.0269,0.0
340,2202,PC,68.0,0.127,0.0,0.0,8.01,0.1,17.0,-14.1,14.61,0.0079,4.78,0.0048,0.0352,4e-05,13.15,0.0032,4.31,0.0024,0.0211,0.0
341,2189,PC,53.2,-0.923,0.0,0.0,9.48,0.1,17.0,37.4,23.35,0.0117,7.65,0.0081,0.0585,0.00028,21.02,0.0047,6.88,0.0041,0.0351,3e-05
342,2221,PC,70.8,-0.395,0.0,0.0,4.59,0.1,17.0,-38.9,10.39,0.0049,3.4,0.0037,0.0266,0.00018,9.35,0.002,3.06,0.0019,0.016,2e-05
343,2210,PC,86.6,-0.188,0.0,0.0,7.06,0.1,17.0,-30.2,11.86,0.0061,3.88,0.004,0.0293,0.0001,10.67,0.0025,3.49,0.002,0.0176,1e-05
344,2246,PC,70.0,0.258,0.0,0.0,9.94,0.1,17.0,14.1,19.39,0.0105,6.35,0.0064,0.0467,5e-05,17.45,0.0042,5.71,0.0032,0.028,1e-05
345,2228,MBT,91.5,-0.656,0.0,0.0,8.7,0.1,27.1,-43.0,15.44,0.0119,4.97,0.0066,0.0348,0.00105,13.9,0.007,4.47,0.0039,0.0218,0.0001
346,2223,SUV,70.0,0.131,0.0,0.0,7.76,0.1,21.5,-22.4,16.68,0.0101,5.45,0.0059,0.0404,0.00021,15.01,0.0044,4.9,0.003,0.0244,2e-05
347,2257,PC,101.8,-0.237,0.0,0.0,9.07,0.1,17.0,-13.4,14.72,0.0081,4.82,0.0052,0.0371,0.00011,13.25,0.0033,4.34,0.0026,0.0223,1e-05
