count_id;track_id;class;speed_kmh;accel_avg_mps2;vel_1_mps;vel_2_mps;vsp_kw_ton;vkt_km;tier1_co2_g;diff_co2_pct;e2_co2_g;e2_nox_g;e2_fuel_g;e2_hc_g;e2_co_g;e2_pm25_g;e5_co2_g;e5_nox_g;e5_fuel_g;e5_hc_g;e5_co_g;e5_pm25_g
1;19;MBT;68.5;0.287;0.0;0.0;6.92;0.09452;25.61;-3.7;24.66;0.013;8.08;0.0083;0.0602;0.00015;22.2;0.0052;7.27;0.0041;0.0361;1,00E-05
2;18;LCV;87.0;0.756;0.0;0.0;23.23;0.09452;25.33;93.1;48.92;0.0438;15.67;0.021;0.1017;0.00371;44.03;0.0268;14.1;0.0129;0.0647;0.00037
3;1;MBT;89.5;0.614;0.0;0.0;24.51;0.09452;25.61;37.4;35.2;0.0192;11.53;0.0115;0.0846;8,00E-05;31.68;0.0077;10.37;0.0058;0.0507;1,00E-05
4;2;PC;48.2;0.415;0.0;0.0;8.39;0.09452;16.07;42.3;22.86;0.0124;7.48;0.0075;0.0551;7,00E-05;20.57;0.005;6.74;0.0038;0.0331;1,00E-05
5;4;PC;93.7;0.486;0.0;0.0;21.54;0.09452;16.07;84.8;29.69;0.0162;9.72;0.0097;0.0713;7,00E-05;26.72;0.0065;8.75;0.0049;0.0428;1,00E-05
6;5;PC;44.7;0.384;0.0;0.0;6.65;0.09452;16.07;28.5;20.65;0.0112;6.76;0.0068;0.0497;6,00E-05;18.59;0.0045;6.09;0.0034;0.0298;1,00E-05
7;8;PC;73.3;0.305;0.0;0.0;11.58;0.09452;16.07;25.4;20.15;0.011;6.6;0.0066;0.0484;5,00E-05;18.13;0.0044;5.94;0.0033;0.0291;0.0
8;6;PC;52.2;0.608;0.0;0.0;9.57;0.09452;16.07;87.4;30.11;0.0167;9.86;0.01;0.073;8,00E-05;27.1;0.0067;8.87;0.005;0.0438;1,00E-05
9;25;PC;37.0;0.469;0.0;0.0;8.48;0.09452;16.07;79.3;28.81;0.0153;9.43;0.0096;0.0701;0.00015;25.93;0.0061;8.49;0.0048;0.0421;1,00E-05
10;3;SUV;43.9;0.336;0.0;0.0;6.1;0.09452;20.32;0.4;20.41;0.0116;6.68;0.0069;0.0503;6,00E-05;18.37;0.0046;6.01;0.0035;0.0302;1,00E-05
11;21;PC;92.7;0.325;0.0;0.0;17.05;0.09452;16.07;44.6;23.24;0.0127;7.61;0.0076;0.0558;5,00E-05;20.91;0.0051;6.85;0.0038;0.0335;1,00E-05
12;10;PC;62.3;0.361;0.0;0.0;9.14;0.09452;16.07;26.7;20.35;0.0111;6.66;0.0067;0.0489;5,00E-05;18.32;0.0044;6.0;0.0033;0.0293;0.0
13;61;PC;108.6;0.634;0.0;0.0;20.59;0.09452;16.07;172.2;43.73;0.0237;14.32;0.0144;0.1053;0.00012;39.36;0.0095;12.89;0.0072;0.0632;1,00E-05
14;9;HV;41.9;0.097;0.0;0.0;3.37;0.09452;88.66;-88.0;10.64;0.0056;3.49;0.0036;0.0261;8,00E-05;9.58;0.0022;3.14;0.0018;0.0157;1,00E-05
15;64;SUV;67.2;0.278;0.0;0.0;10.34;0.09452;20.32;4.3;21.2;0.0122;6.94;0.0072;0.0523;6,00E-05;19.08;0.0049;6.25;0.0036;0.0314;1,00E-05
16;69;PC;73.7;0.293;0.0;0.0;12.24;0.09452;16.07;27.3;20.46;0.0112;6.7;0.0067;0.0492;5,00E-05;18.41;0.0045;6.03;0.0034;0.0295;0.0
17;82;PC;66.9;0.189;0.0;0.0;8.09;0.09452;16.07;-2.5;15.67;0.0102;5.1;0.0056;0.0362;0.00038;14.1;0.0049;4.59;0.003;0.022;4,00E-05
18;81;PC;74.2;-0.163;0.0;0.0;4.28;0.09452;16.07;-49.0;8.2;0.0041;2.68;0.0029;0.0206;0.0001;7.38;0.0016;2.42;0.0014;0.0124;1,00E-05
19;83;PC;76.1;0.374;0.0;0.0;13.52;0.09452;16.07;41.9;22.81;0.0124;7.47;0.0075;0.0548;5,00E-05;20.53;0.005;6.72;0.0037;0.0329;1,00E-05
20;78;PC;72.3;0.108;0.0;0.0;7.79;0.09452;16.07;-3.8;15.45;0.0088;5.05;0.0053;0.037;0.00018;13.91;0.0038;4.54;0.0027;0.0223;2,00E-05
21;100;PC;56.7;0.254;0.0;0.0;7.03;0.09452;16.07;5.3;16.93;0.0091;5.54;0.0056;0.0409;6,00E-05;15.23;0.0037;4.99;0.0028;0.0245;1,00E-05
22;74;MBT;73.4;0.254;0.0;0.0;11.27;0.09452;25.61;-24.8;19.26;0.013;6.26;0.007;0.044;0.00056;17.34;0.0065;5.63;0.0039;0.0269;6,00E-05
23;128;LCV;73.2;0.308;0.0;0.0;12.86;0.09452;25.33;24.3;31.5;0.0411;9.82;0.0174;0.0537;0.00514;28.35;0.0295;8.84;0.0121;0.0374;0.00051
24;37;LCV;42.3;0.039;0.0;0.0;2.62;0.09452;25.33;-62.0;9.64;0.008;3.09;0.0042;0.021;0.00072;8.67;0.0049;2.79;0.0025;0.0132;7,00E-05
25;101;SUV;66.8;0.431;0.0;0.0;15.43;0.09452;20.32;55.1;31.52;0.0185;10.32;0.0109;0.0787;9,00E-05;28.37;0.0074;9.29;0.0055;0.0472;1,00E-05
26;75;SUV;52.5;-0.334;0.0;0.0;2.77;0.09452;20.32;-46.4;10.89;0.0057;3.56;0.0041;0.0285;0.00025;9.8;0.0024;3.2;0.0021;0.0172;3,00E-05
27;62;PC;65.6;0.305;0.0;0.0;8.45;0.09452;16.07;15.6;18.57;0.0103;6.08;0.0061;0.0445;8,00E-05;16.71;0.0042;5.47;0.0031;0.0267;1,00E-05
28;94;PC;70.8;0.347;0.0;0.0;12.31;0.09452;16.07;35.8;21.82;0.0119;7.14;0.0072;0.0526;5,00E-05;19.63;0.0048;6.43;0.0036;0.0315;1,00E-05
29;88;PC;50.5;-0.206;0.0;0.0;2.92;0.09452;16.07;-41.4;9.42;0.0041;3.08;0.0035;0.0251;0.00024;8.48;0.0016;2.78;0.0018;0.015;2,00E-05
30;111;PC;76.9;0.197;0.0;0.0;10.4;0.09452;16.07;3.3;16.6;0.0091;5.44;0.0054;0.0399;4,00E-05;14.94;0.0036;4.89;0.0027;0.0239;0.0
31;106;LCV;50.0;-0.861;0.0;0.0;6.26;0.09452;25.33;-13.2;21.99;0.0119;7.17;0.0082;0.058;0.00032;19.79;0.0049;6.45;0.0043;0.0354;3,00E-05
32;93;LCV;62.0;0.14;0.0;0.0;6.37;0.09452;25.33;-44.0;14.18;0.0121;4.56;0.0059;0.0301;0.00094;12.77;0.0072;4.1;0.0036;0.019;9,00E-05
33;135;PC;80.8;0.153;0.0;0.0;10.0;0.09452;16.07;-3.7;15.47;0.0084;5.06;0.0051;0.0372;4,00E-05;13.92;0.0034;4.56;0.0025;0.0223;0.0
34;159;PC;82.9;0.253;0.0;0.0;14.27;0.09452;16.07;25.9;20.24;0.011;6.63;0.0066;0.0486;5,00E-05;18.21;0.0044;5.96;0.0033;0.0292;0.0
35;137;PC;55.2;0.099;0.0;0.0;4.86;0.09452;16.07;-31.3;11.04;0.0059;3.61;0.0037;0.0267;5,00E-05;9.93;0.0024;3.25;0.0018;0.016;0.0
36;146;LCV;62.5;0.174;0.0;0.0;7.07;0.09452;25.33;-25.7;18.82;0.0251;5.86;0.0105;0.0315;0.00314;16.94;0.0181;5.28;0.0073;0.022;0.00031
37;132;SUV;57.2;0.177;0.0;0.0;6.66;0.09452;20.32;-28.7;14.5;0.008;4.75;0.0048;0.0351;4,00E-05;13.05;0.0032;4.27;0.0024;0.0211;0.0
38;170;LCV;75.1;0.358;0.0;0.0;13.79;0.09452;25.33;-6.1;23.78;0.017;7.71;0.009;0.0534;0.0009;21.41;0.009;6.94;0.0051;0.0329;9,00E-05
39;201;PC;91.8;0.598;0.0;0.0;24.49;0.09452;16.07;109.3;33.64;0.0183;11.01;0.011;0.0808;8,00E-05;30.27;0.0073;9.91;0.0055;0.0485;1,00E-05
40;197;LCV;55.4;0.181;0.0;0.0;6.51;0.09452;25.33;-39.4;15.34;0.0124;4.94;0.0062;0.0331;0.00088;13.81;0.0071;4.45;0.0037;0.0207;9,00E-05
41;196;PC;71.0;0.378;0.0;0.0;12.47;0.09452;16.07;38.6;22.27;0.0121;7.29;0.0073;0.0535;5,00E-05;20.04;0.0049;6.56;0.0036;0.0321;1,00E-05
42;222;SUV;65.1;-0.846;0.0;0.0;5.99;0.09452;20.32;-36.0;13.01;0.0063;4.26;0.0047;0.0336;0.00022;11.71;0.0025;3.84;0.0023;0.0201;2,00E-05
43;210;PC;56.8;0.103;0.0;0.0;5.42;0.09452;16.07;-30.1;11.23;0.0061;3.68;0.0037;0.027;3,00E-05;10.11;0.0024;3.31;0.0018;0.0162;0.0
44;233;PC;76.1;0.49;0.0;0.0;16.05;0.09452;16.07;75.3;28.16;0.0156;9.22;0.0094;0.0683;7,00E-05;25.35;0.0063;8.3;0.0047;0.041;1,00E-05
45;246;PC;65.9;0.269;0.0;0.0;9.53;0.09452;16.07;13.3;18.21;0.0099;5.96;0.006;0.0437;4,00E-05;16.39;0.004;5.37;0.003;0.0262;0.0
46;250;PC;75.0;0.421;0.0;0.0;14.5;0.09452;16.07;51.9;24.4;0.0133;7.99;0.008;0.0586;6,00E-05;21.96;0.0053;7.19;0.004;0.0352;1,00E-05
47;251;PC;85.2;0.48;0.0;0.0;18.48;0.09452;16.07;86.0;29.89;0.0168;9.79;0.01;0.073;7,00E-05;26.9;0.0067;8.81;0.005;0.0438;1,00E-05
48;253;PC;64.8;-0.515;0.0;0.0;3.57;0.09452;16.07;-46.5;8.6;0.004;2.82;0.0032;0.0225;0.00018;7.74;0.0016;2.53;0.0016;0.0135;2,00E-05
49;261;PC;83.6;-0.208;0.0;0.0;5.75;0.09452;16.07;-41.7;9.36;0.0048;3.07;0.0032;0.0232;9,00E-05;8.43;0.0019;2.76;0.0016;0.0139;1,00E-05
50;276;PC;89.4;0.543;0.0;0.0;21.82;0.09452;16.07;103.2;32.66;0.0235;10.58;0.0124;0.0731;0.00127;29.39;0.0125;9.52;0.007;0.0451;0.00013
51;259;PC;64.6;0.292;0.0;0.0;9.77;0.09452;16.07;18.2;19.0;0.0104;6.22;0.0063;0.0458;4,00E-05;17.1;0.0042;5.6;0.0031;0.0275;0.0
52;318;PC;87.8;-0.848;0.0;0.0;6.69;0.09452;16.07;-32.1;10.91;0.0052;3.57;0.0039;0.0279;0.00018;9.82;0.0021;3.22;0.0019;0.0167;2,00E-05
53;281;MBT;68.2;0.268;0.0;0.0;13.63;0.09452;25.61;-8.1;23.53;0.0128;7.69;0.008;0.0571;0.00022;21.18;0.0053;6.92;0.0041;0.0344;2,00E-05
54;284;PC;64.3;0.148;0.0;0.0;7.0;0.09452;16.07;-14.4;13.76;0.0074;4.51;0.0045;0.0332;5,00E-05;12.39;0.003;4.06;0.0023;0.0199;0.0
55;289;PC;72.7;0.185;0.0;0.0;8.95;0.09452;16.07;-0.1;16.05;0.0089;5.26;0.0053;0.0389;4,00E-05;14.45;0.0036;4.73;0.0027;0.0233;0.0
56;298;PC;71.6;0.156;0.0;0.0;8.32;0.09452;16.07;-7.8;14.81;0.008;4.85;0.0049;0.0357;4,00E-05;13.33;0.0032;4.36;0.0024;0.0214;0.0
57;320;PC;90.4;0.405;0.0;0.0;19.33;0.09452;16.07;64.2;26.38;0.0144;8.64;0.0086;0.0634;6,00E-05;23.74;0.0058;7.77;0.0043;0.038;1,00E-05
58;313;HV;70.4;0.092;0.0;0.0;7.97;0.09452;88.66;-84.0;14.18;0.0076;4.64;0.0047;0.0344;6,00E-05;12.76;0.003;4.18;0.0024;0.0206;1,00E-05
59;345;LCV;70.8;-1.078;0.0;0.0;6.25;0.09452;25.33;-41.4;14.83;0.0171;4.63;0.008;0.0282;0.00226;13.35;0.0122;4.17;0.0056;0.0195;0.00023
60;354;PC;93.0;-0.538;0.0;0.0;8.68;0.09452;16.07;-22.4;12.47;0.0062;4.08;0.0043;0.0313;0.00015;11.23;0.0025;3.68;0.0022;0.0188;2,00E-05
61;328;PC;80.6;0.391;0.0;0.0;14.99;0.09452;16.07;48.4;23.85;0.013;7.81;0.0078;0.0573;5,00E-05;21.46;0.0052;7.03;0.0039;0.0344;1,00E-05
62;322;LCV;59.9;0.11;0.0;0.0;6.59;0.09452;25.33;-35.0;16.47;0.0179;5.21;0.0081;0.0315;0.00195;14.82;0.012;4.69;0.0053;0.0208;0.0002
63;403;SUV;86.4;0.31;0.0;0.0;10.52;0.09452;20.32;74.8;35.52;0.0212;11.63;0.0128;0.0912;0.00019;31.97;0.0085;10.47;0.0064;0.0547;2,00E-05
64;350;PC;80.3;0.278;0.0;0.0;11.92;0.09452;16.07;24.4;20.0;0.011;6.55;0.0066;0.0483;5,00E-05;18.0;0.0044;5.89;0.0033;0.029;0.0
65;387;PC;89.0;0.326;0.0;0.0;15.34;0.09452;16.07;39.5;22.41;0.0122;7.34;0.0074;0.0539;5,00E-05;20.17;0.0049;6.6;0.0037;0.0323;1,00E-05
66;364;PC;71.3;0.274;0.0;0.0;10.83;0.09452;16.07;16.8;18.77;0.0102;6.15;0.0062;0.0451;4,00E-05;16.9;0.0041;5.53;0.0031;0.0271;0.0
67;359;PC;66.3;0.285;0.0;0.0;9.52;0.09452;16.07;14.2;18.35;0.01;6.01;0.006;0.0441;4,00E-05;16.51;0.004;5.41;0.003;0.0264;0.0
68;402;PC;110.4;0.707;0.0;0.0;31.94;0.09452;16.07;144.6;39.31;0.0214;12.87;0.0129;0.0944;9,00E-05;35.38;0.0086;11.58;0.0064;0.0566;1,00E-05
69;406;PC;72.3;0.305;0.0;0.0;11.05;0.09452;16.07;22.5;19.68;0.0107;6.45;0.0065;0.0473;5,00E-05;17.72;0.0043;5.8;0.0032;0.0284;0.0
70;420;PC;100.1;0.464;0.0;0.0;23.05;0.09452;16.07;84.4;29.63;0.0162;9.7;0.0097;0.0713;7,00E-05;26.67;0.0065;8.73;0.0049;0.0428;1,00E-05
71;407;LCV;68.1;0.06;0.0;0.0;5.72;0.09452;25.33;-43.9;14.22;0.0148;4.51;0.0068;0.0278;0.00157;12.79;0.0098;4.06;0.0044;0.0182;0.00016
72;421;PC;74.9;-0.258;0.0;0.0;5.19;0.09452;16.07;-37.5;10.05;0.0049;3.29;0.0035;0.0254;0.00014;9.04;0.002;2.96;0.0018;0.0152;1,00E-05
73;432;PC;82.4;0.371;0.0;0.0;15.14;0.09452;16.07;45.7;23.41;0.0128;7.66;0.0077;0.0562;5,00E-05;21.06;0.0051;6.9;0.0038;0.0337;1,00E-05
74;431;PC;67.9;0.325;0.0;0.0;10.72;0.09452;16.07;25.0;20.08;0.0109;6.57;0.0066;0.0482;5,00E-05;18.07;0.0044;5.92;0.0033;0.0289;0.0
75;428;LCV;67.4;0.267;0.0;0.0;12.16;0.09452;25.33;2.3;25.9;0.0298;8.16;0.0131;0.0478;0.00335;23.31;0.0204;7.35;0.0088;0.0321;0.00033
76;452;PC;84.5;0.491;0.0;0.0;17.95;0.09452;16.07;74.3;28.01;0.0153;9.17;0.0092;0.0673;6,00E-05;25.21;0.0061;8.26;0.0046;0.0404;1,00E-05
77;462;PC;64.8;0.339;0.0;0.0;13.45;0.09452;16.07;52.7;24.53;0.0132;8.03;0.0082;0.0595;0.0001;22.08;0.0053;7.23;0.0041;0.0357;1,00E-05
78;473;PC;96.5;0.294;0.0;0.0;17.35;0.09452;16.07;42.9;22.97;0.0125;7.52;0.0075;0.0552;6,00E-05;20.67;0.005;6.77;0.0038;0.0331;1,00E-05
79;478;PC;77.0;0.272;0.0;0.0;11.54;0.09452;16.07;22.5;19.68;0.0126;6.4;0.007;0.0455;0.00044;17.71;0.0061;5.76;0.0038;0.0277;4,00E-05
80;502;LCV;77.2;0.24;0.0;0.0;11.09;0.09452;25.33;-23.4;19.41;0.0145;6.28;0.0075;0.0431;0.00085;17.47;0.0079;5.65;0.0043;0.0267;9,00E-05
81;549;LCV;87.4;0.263;0.0;0.0;9.6;0.09452;25.33;37.2;34.76;0.0383;10.97;0.0175;0.0679;0.00425;31.28;0.0259;9.87;0.0116;0.0454;0.00042
82;477;LCV;61.1;-0.238;0.0;0.0;9.02;0.09452;25.33;-11.0;22.54;0.0246;7.09;0.0114;0.0434;0.00291;20.28;0.017;6.38;0.0077;0.0294;0.00029
83;511;SUV;64.9;-0.243;0.0;0.0;8.14;0.09452;20.32;-5.9;19.13;0.0112;6.25;0.007;0.0488;0.00025;17.22;0.0047;5.63;0.0036;0.0295;3,00E-05
84;525;PC;96.0;0.488;0.0;0.0;22.8;0.09452;16.07;86.1;29.91;0.0163;9.79;0.0098;0.0718;7,00E-05;26.92;0.0065;8.81;0.0049;0.0431;1,00E-05
85;514;PC;67.1;0.149;0.0;0.0;7.18;0.09452;16.07;-11.3;14.25;0.008;4.67;0.0048;0.0347;4,00E-05;12.83;0.0032;4.2;0.0024;0.0208;0.0
86;518;PC;82.7;0.292;0.0;0.0;13.56;0.09452;16.07;28.6;20.67;0.0113;6.77;0.0068;0.0497;5,00E-05;18.6;0.0045;6.09;0.0034;0.0298;0.0
87;537;PC;82.4;0.471;0.0;0.0;16.81;0.09452;16.07;66.9;26.81;0.0146;8.78;0.0088;0.0644;6,00E-05;24.13;0.0058;7.9;0.0044;0.0386;1,00E-05
88;565;SUV;77.0;0.441;0.0;0.0;17.61;0.09452;20.32;46.0;29.67;0.0169;9.72;0.01;0.0728;8,00E-05;26.71;0.0067;8.74;0.005;0.0437;1,00E-05
89;577;PC;90.6;0.335;0.0;0.0;16.34;0.09452;16.07;59.6;25.65;0.0146;8.4;0.0087;0.063;7,00E-05;23.09;0.0058;7.56;0.0043;0.0378;1,00E-05
90;551;PC;76.7;0.45;0.0;0.0;14.82;0.09452;16.07;58.6;25.48;0.0139;8.34;0.0084;0.0612;6,00E-05;22.93;0.0056;7.51;0.0042;0.0367;1,00E-05
91;573;MBT;79.6;-0.837;0.0;0.0;4.17;0.09452;25.61;-64.9;8.99;0.004;2.94;0.0033;0.0236;0.00021;8.09;0.0016;2.65;0.0017;0.0142;2,00E-05
92;570;LCV;66.2;-0.726;0.0;0.0;3.43;0.09452;25.33;-63.0;9.38;0.0056;3.0;0.0039;0.023;0.00054;8.44;0.0032;2.7;0.0024;0.0149;5,00E-05
93;593;PC;99.2;0.121;0.0;0.0;19.21;0.09452;16.07;87.2;30.08;0.0171;9.85;0.0104;0.0753;0.00015;27.07;0.0068;8.86;0.0052;0.0452;1,00E-05
94;564;PC;71.8;0.412;0.0;0.0;13.07;0.09452;16.07;46.7;23.58;0.0129;7.72;0.0077;0.0566;5,00E-05;21.22;0.0051;6.95;0.0039;0.034;1,00E-05
95;615;PC;95.6;0.514;0.0;0.0;23.57;0.09452;16.07;92.6;30.94;0.0169;10.13;0.0101;0.0743;7,00E-05;27.85;0.0068;9.12;0.0051;0.0446;1,00E-05
96;590;PC;67.2;-0.063;0.0;0.0;5.17;0.09452;16.07;-33.3;10.71;0.0056;3.51;0.0036;0.0263;8,00E-05;9.64;0.0022;3.16;0.0018;0.0158;1,00E-05
97;579;PC;67.9;0.218;0.0;0.0;8.16;0.09452;16.07;-0.5;15.98;0.0087;5.23;0.0052;0.0384;4,00E-05;14.38;0.0035;4.71;0.0026;0.023;0.0
98;603;PC;81.4;0.403;0.0;0.0;16.42;0.09452;16.07;55.6;25.0;0.0136;8.18;0.0082;0.06;6,00E-05;22.5;0.0055;7.37;0.0041;0.036;1,00E-05
99;621;LCV;61.6;-0.496;0.0;0.0;3.62;0.09452;25.33;-59.4;10.3;0.0062;3.33;0.0042;0.0253;0.00052;9.27;0.0033;2.99;0.0024;0.0158;5,00E-05
100;637;PC;68.2;0.118;0.0;0.0;7.61;0.09452;16.07;-10.8;14.32;0.0077;4.69;0.0047;0.0346;5,00E-05;12.89;0.0031;4.22;0.0024;0.0208;1,00E-05
101;643;PC;90.9;0.32;0.0;0.0;16.41;0.09452;16.07;45.3;23.35;0.0129;7.64;0.0077;0.0564;5,00E-05;21.01;0.0052;6.88;0.0039;0.0339;1,00E-05
102;624;PC;55.0;-0.325;0.0;0.0;1.07;0.09452;16.07;-69.6;4.89;0.0016;1.6;0.0021;0.0142;0.00024;4.4;0.0006;1.44;0.001;0.0085;2,00E-05
103;653;PC;90.1;0.048;0.0;0.0;10.07;0.09452;16.07;-10.6;14.36;0.0076;4.7;0.0048;0.035;8,00E-05;12.92;0.003;4.23;0.0024;0.021;1,00E-05
104;644;PC;55.7;0.047;0.0;0.0;5.62;0.09452;16.07;-29.3;11.37;0.0059;3.72;0.0038;0.0279;8,00E-05;10.23;0.0024;3.35;0.0019;0.0167;1,00E-05
105;661;PC;65.2;-0.672;0.0;0.0;5.59;0.09452;16.07;-19.2;12.98;0.0061;4.25;0.0047;0.0335;0.00024;11.68;0.0024;3.82;0.0023;0.0201;2,00E-05
106;662;LCV;65.7;0.311;0.0;0.0;10.51;0.09452;25.33;-17.3;20.94;0.016;6.77;0.0082;0.0461;0.001;18.85;0.0088;6.09;0.0047;0.0286;0.0001
107;690;PC;79.0;0.428;0.0;0.0;15.67;0.09452;16.07;57.1;25.24;0.0138;8.27;0.0083;0.0606;6,00E-05;22.72;0.0055;7.44;0.0041;0.0364;1,00E-05
108;727;HV;66.7;-1.008;0.0;0.0;3.77;0.09452;88.66;-90.2;8.71;0.0038;2.85;0.0033;0.0231;0.00022;7.84;0.0015;2.56;0.0017;0.014;2,00E-05
109;744;PC;77.0;0.184;0.0;0.0;9.95;0.09452;16.07;0.1;16.08;0.0088;5.27;0.0053;0.0387;4,00E-05;14.48;0.0035;4.74;0.0026;0.0232;0.0
110;726;LCV;60.7;0.202;0.0;0.0;7.62;0.09452;25.33;-32.2;17.18;0.0159;5.49;0.0075;0.0352;0.00141;15.46;0.0099;4.94;0.0047;0.0225;0.00014
111;750;LCV;73.4;0.258;0.0;0.0;20.62;0.09452;25.33;23.1;31.19;0.0223;10.09;0.012;0.0704;0.00131;28.07;0.012;9.08;0.0069;0.0437;0.00013
112;784;MBT;97.4;0.386;0.0;0.0;20.78;0.09452;25.61;3.9;26.62;0.0145;8.72;0.0087;0.0639;6,00E-05;23.96;0.0058;7.84;0.0044;0.0384;1,00E-05
113;775;PC;72.8;0.323;0.0;0.0;12.21;0.09452;16.07;33.5;21.45;0.0119;7.02;0.0071;0.052;5,00E-05;19.31;0.0048;6.32;0.0036;0.0312;1,00E-05
114;793;HV;76.4;0.301;0.0;0.0;16.83;0.09452;88.66;-68.6;27.84;0.0264;8.89;0.0125;0.0567;0.00248;25.06;0.0167;8.0;0.0079;0.0364;0.00025
115;800;PC;74.3;0.244;0.0;0.0;10.52;0.09452;16.07;15.7;18.59;0.0103;6.09;0.0062;0.0451;4,00E-05;16.73;0.0041;5.48;0.0031;0.0271;0.0
116;818;PC;78.3;0.223;0.0;0.0;11.18;0.09452;16.07;10.2;17.7;0.0096;5.8;0.0058;0.0425;4,00E-05;15.93;0.0039;5.22;0.0029;0.0255;0.0
117;823;MBT;63.2;-1.194;0.0;0.0;5.11;0.09452;25.61;-57.1;10.99;0.005;3.59;0.004;0.0285;0.00022;9.89;0.002;3.23;0.0021;0.0173;2,00E-05
118;834;LCV;80.0;0.47;0.0;0.0;18.94;0.09452;25.33;27.9;32.4;0.0307;10.35;0.0144;0.0658;0.00278;29.16;0.0193;9.31;0.009;0.0422;0.00028
119;839;PC;72.5;0.162;0.0;0.0;8.25;0.09452;16.07;-7.2;14.91;0.0081;4.88;0.0049;0.036;4,00E-05;13.42;0.0033;4.39;0.0025;0.0216;0.0
120;841;PC;76.3;0.321;0.0;0.0;12.27;0.09452;16.07;28.4;20.64;0.0113;6.76;0.0068;0.0496;5,00E-05;18.57;0.0045;6.08;0.0034;0.0297;0.0
121;870;PC;90.7;0.419;0.0;0.0;18.78;0.09452;16.07;63.7;26.31;0.0143;8.62;0.0086;0.0632;6,00E-05;23.68;0.0057;7.75;0.0043;0.0379;1,00E-05
122;855;PC;73.0;0.317;0.0;0.0;11.6;0.09452;16.07;27.2;20.44;0.0111;6.69;0.0067;0.0491;5,00E-05;18.4;0.0045;6.02;0.0033;0.0295;0.0
123;889;SUV;90.1;-0.012;0.0;0.0;8.47;0.09452;20.32;-21.6;15.94;0.0141;5.12;0.0069;0.0354;0.00107;14.35;0.0083;4.61;0.0042;0.0223;0.00011
124;875;SUV;72.8;0.393;0.0;0.0;12.87;0.09452;20.32;21.3;24.65;0.0138;8.07;0.0083;0.0602;6,00E-05;22.19;0.0055;7.26;0.0041;0.0361;1,00E-05
125;858;PC;70.7;0.229;0.0;0.0;9.04;0.09452;16.07;3.5;16.63;0.0091;5.45;0.0055;0.04;4,00E-05;14.97;0.0036;4.9;0.0027;0.024;0.0
126;900;PC;84.9;0.08;0.0;0.0;9.8;0.09452;16.07;-10.3;14.41;0.0078;4.72;0.0048;0.0348;5,00E-05;12.97;0.0031;4.25;0.0024;0.0209;0.0
127;880;LCV;75.4;-0.249;0.0;0.0;6.03;0.09452;25.33;-41.1;14.91;0.0152;4.7;0.0073;0.0298;0.00175;13.42;0.0103;4.23;0.0049;0.0199;0.00017
128;902;PC;80.0;-0.24;0.0;0.0;6.59;0.09452;16.07;-11.0;14.31;0.0078;4.68;0.0051;0.0364;0.00014;12.88;0.0031;4.22;0.0025;0.0219;1,00E-05
129;916;PC;68.7;-0.202;0.0;0.0;3.92;0.09452;16.07;-42.6;9.22;0.0046;3.02;0.0033;0.0236;0.00013;8.3;0.0018;2.72;0.0016;0.0142;1,00E-05
130;899;PC;71.2;0.451;0.0;0.0;13.05;0.09452;16.07;53.4;24.64;0.0134;8.07;0.0081;0.0592;6,00E-05;22.18;0.0054;7.26;0.004;0.0355;1,00E-05
131;922;PC;69.1;0.207;0.0;0.0;8.67;0.09452;16.07;-1.2;15.88;0.0087;5.2;0.0052;0.0382;4,00E-05;14.29;0.0035;4.68;0.0026;0.0229;0.0
132;930;PC;69.4;0.346;0.0;0.0;12.13;0.09452;16.07;32.8;21.33;0.0116;6.98;0.007;0.0512;5,00E-05;19.2;0.0047;6.29;0.0035;0.0307;0.0
133;913;PC;61.5;0.288;0.0;0.0;8.84;0.09452;16.07;12.7;18.11;0.0099;5.93;0.0059;0.0436;4,00E-05;16.29;0.004;5.34;0.003;0.0261;0.0
134;953;PC;80.0;0.554;0.0;0.0;19.44;0.09452;16.07;89.5;30.44;0.0166;9.97;0.01;0.0731;7,00E-05;27.4;0.0066;8.97;0.005;0.0439;1,00E-05
135;963;LCV;62.3;0.082;0.0;0.0;5.5;0.09452;25.33;-43.0;14.43;0.0192;4.5;0.008;0.0241;0.00241;12.99;0.0138;4.05;0.0056;0.0169;0.00024
136;947;PC;71.8;0.241;0.0;0.0;9.88;0.09452;16.07;9.5;17.6;0.0096;5.76;0.0058;0.0423;4,00E-05;15.84;0.0038;5.19;0.0029;0.0254;0.0
137;959;MBT;62.0;-0.893;0.0;0.0;8.44;0.09452;25.61;-30.5;17.8;0.0088;5.82;0.0062;0.0449;0.00024;16.02;0.0035;5.24;0.0031;0.027;2,00E-05
138;983;HV;59.2;-0.679;0.0;0.0;2.27;0.09452;88.66;-91.5;7.57;0.003;2.48;0.003;0.0208;0.00026;6.81;0.0012;2.23;0.0015;0.0125;3,00E-05
139;1021;LCV;90.8;0.664;0.0;0.0;20.07;0.09452;25.33;111.1;53.47;0.071;16.66;0.0297;0.0897;0.0089;48.13;0.0511;14.99;0.0208;0.0628;0.00089
140;976;LCV;78.9;-0.417;0.0;0.0;3.5;0.09452;25.33;-68.4;8.0;0.0059;2.55;0.0035;0.0185;0.00063;7.2;0.0037;2.29;0.0022;0.0121;6,00E-05
141;991;PC;66.1;-0.06;0.0;0.0;4.57;0.09452;16.07;-43.6;9.06;0.0047;2.97;0.0031;0.0223;6,00E-05;8.16;0.0019;2.67;0.0015;0.0134;1,00E-05
142;980;PC;76.3;0.423;0.0;0.0;14.85;0.09452;16.07;53.2;24.61;0.0134;8.06;0.0081;0.0591;6,00E-05;22.15;0.0054;7.25;0.004;0.0355;1,00E-05
143;1005;PC;83.5;0.403;0.0;0.0;16.74;0.09452;16.07;55.6;25.01;0.0136;8.19;0.0082;0.0601;6,00E-05;22.51;0.0055;7.37;0.0041;0.036;1,00E-05
144;1006;PC;72.4;-0.015;0.0;0.0;6.29;0.09452;16.07;-21.5;12.61;0.0066;4.13;0.0043;0.0313;0.0001;11.35;0.0027;3.72;0.0022;0.0188;1,00E-05
145;1002;PC;71.4;0.317;0.0;0.0;12.09;0.09452;16.07;28.1;20.59;0.0112;6.74;0.0067;0.0495;5,00E-05;18.53;0.0045;6.07;0.0034;0.0297;0.0
146;1022;LCV;59.8;-0.86;0.0;0.0;8.23;0.09452;25.33;-20.8;20.06;0.0186;6.36;0.0094;0.0423;0.00202;18.06;0.0122;5.72;0.0062;0.028;0.0002
147;1029;PC;81.4;0.442;0.0;0.0;17.79;0.09452;16.07;66.5;26.75;0.0146;8.76;0.0088;0.0643;6,00E-05;24.07;0.0058;7.88;0.0044;0.0386;1,00E-05
148;1035;PC;70.3;-1.026;0.0;0.0;5.04;0.09452;16.07;-24.1;12.19;0.0056;3.99;0.0044;0.0317;0.00025;10.97;0.0022;3.59;0.0022;0.019;2,00E-05
149;1051;PC;85.0;0.408;0.0;0.0;16.79;0.09452;16.07;56.4;25.12;0.0137;8.23;0.0082;0.0603;6,00E-05;22.61;0.0055;7.4;0.0041;0.0362;1,00E-05
150;1045;PC;76.7;0.342;0.0;0.0;13.33;0.09452;16.07;35.6;21.8;0.0119;7.14;0.0071;0.0524;5,00E-05;19.62;0.0048;6.42;0.0036;0.0314;0.0
151;1065;PC;82.1;0.317;0.0;0.0;14.03;0.09452;16.07;34.7;21.64;0.0118;7.08;0.0071;0.052;5,00E-05;19.47;0.0047;6.38;0.0035;0.0312;1,00E-05
152;1042;PC;76.0;0.313;0.0;0.0;12.18;0.09452;16.07;27.2;20.44;0.0111;6.69;0.0067;0.0491;5,00E-05;18.4;0.0045;6.02;0.0034;0.0295;0.0
153;1059;LCV;74.6;0.36;0.0;0.0;13.78;0.09452;25.33;17.0;29.64;0.0385;9.26;0.0162;0.0505;0.00472;26.68;0.0275;8.33;0.0112;0.035;0.00047
154;1102;HV;70.3;0.363;0.0;0.0;8.88;0.09452;88.66;-67.4;28.86;0.0154;9.45;0.0096;0.0701;0.00013;25.97;0.0062;8.5;0.0048;0.0421;1,00E-05
155;1074;HV;85.9;-1.19;0.0;0.0;4.88;0.09452;88.66;-89.4;9.42;0.0043;3.08;0.0034;0.0246;0.0002;8.48;0.0017;2.78;0.0017;0.0148;2,00E-05
156;1088;PC;84.1;0.328;0.0;0.0;15.15;0.09452;16.07;40.6;22.59;0.0124;7.4;0.0074;0.0544;5,00E-05;20.33;0.0049;6.66;0.0037;0.0326;1,00E-05
157;1072;PC;81.3;0.378;0.0;0.0;14.8;0.09452;16.07;45.5;23.38;0.0128;7.66;0.0077;0.0562;5,00E-05;21.05;0.0051;6.89;0.0038;0.0337;1,00E-05
158;1068;PC;72.5;0.402;0.0;0.0;13.33;0.09452;16.07;45.4;23.36;0.0127;7.65;0.0077;0.0561;5,00E-05;21.02;0.0051;6.88;0.0038;0.0337;1,00E-05
159;1094;PC;88.0;0.2;0.0;0.0;13.16;0.09452;16.07;14.9;18.47;0.0101;6.05;0.0061;0.0445;4,00E-05;16.62;0.004;5.44;0.003;0.0267;0.0
160;1150;PC;67.5;0.2;0.0;0.0;5.62;0.09452;16.07;34.0;21.53;0.0109;7.02;0.0073;0.0532;0.0002;19.37;0.0045;6.31;0.0039;0.0326;2,00E-05
161;1085;PC;81.0;0.359;0.0;0.0;14.28;0.09452;16.07;44.5;23.22;0.0142;7.57;0.008;0.0544;0.00037;20.9;0.0065;6.81;0.0042;0.0329;4,00E-05
162;1076;PC;70.8;0.321;0.0;0.0;11.34;0.09452;16.07;26.0;20.24;0.011;6.63;0.0066;0.0486;5,00E-05;18.22;0.0044;5.96;0.0033;0.0292;0.0
163;1101;PC;67.7;0.305;0.0;0.0;10.11;0.09452;16.07;19.1;19.14;0.0104;6.27;0.0063;0.046;5,00E-05;17.23;0.0042;5.64;0.0031;0.0276;0.0
164;1116;SUV;75.3;0.569;0.0;0.0;25.16;0.09452;20.32;119.5;44.6;0.0265;14.61;0.0157;0.1126;0.00015;40.14;0.0106;13.14;0.0078;0.0676;1,00E-05
165;1155;PC;82.4;-0.67;0.0;0.0;3.51;0.09452;16.07;-56.2;7.03;0.0031;2.3;0.0026;0.0185;0.00016;6.33;0.0012;2.07;0.0013;0.0111;2,00E-05
166;1131;PC;71.3;0.198;0.0;0.0;9.05;0.09452;16.07;1.8;16.35;0.0089;5.35;0.0054;0.0394;5,00E-05;14.72;0.0035;4.82;0.0027;0.0236;0.0
167;1157;PC;72.5;0.328;0.0;0.0;12.12;0.09452;16.07;29.3;20.77;0.0113;6.8;0.0068;0.0499;5,00E-05;18.7;0.0045;6.12;0.0034;0.0299;0.0
168;1190;PC;83.8;0.226;0.0;0.0;12.55;0.09452;16.07;15.3;18.52;0.0101;6.06;0.0061;0.0445;4,00E-05;16.67;0.004;5.46;0.003;0.0267;0.0
169;1168;LCV;70.3;0.423;0.0;0.0;13.31;0.09452;25.33;26.4;32.01;0.0427;9.97;0.0178;0.0535;0.00534;28.81;0.0307;8.98;0.0125;0.0375;0.00053
170;1186;PC;76.1;0.162;0.0;0.0;9.29;0.09452;16.07;-5.4;15.2;0.0083;4.98;0.005;0.0366;4,00E-05;13.68;0.0033;4.48;0.0025;0.022;0.0
171;1170;PC;72.4;0.143;0.0;0.0;8.27;0.09452;16.07;-8.3;14.74;0.0079;4.83;0.0049;0.0356;5,00E-05;13.27;0.0032;4.34;0.0024;0.0214;1,00E-05
172;1208;PC;61.5;-0.19;0.0;0.0;7.49;0.09452;16.07;-3.1;15.57;0.0076;5.08;0.0054;0.0392;0.00021;14.01;0.0031;4.57;0.0028;0.0238;2,00E-05
173;1189;PC;60.6;0.257;0.0;0.0;10.08;0.09452;16.07;16.1;18.65;0.01;6.11;0.0062;0.0451;7,00E-05;16.78;0.004;5.5;0.0031;0.0271;1,00E-05
174;1202;PC;77.6;0.218;0.0;0.0;10.78;0.09452;16.07;11.9;17.98;0.01;5.89;0.006;0.0436;4,00E-05;16.19;0.004;5.3;0.003;0.0262;0.0
175;1225;PC;84.2;0.319;0.0;0.0;14.4;0.09452;16.07;35.8;21.82;0.0119;7.14;0.0071;0.0524;5,00E-05;19.63;0.0048;6.43;0.0036;0.0314;0.0
176;1260;PC;113.3;0.584;0.0;0.0;34.24;0.09452;16.07;132.7;37.4;0.0204;12.24;0.0122;0.0898;8,00E-05;33.66;0.0082;11.02;0.0061;0.0539;1,00E-05
177;1218;PC;73.8;0.305;0.0;0.0;11.65;0.09452;16.07;25.0;20.08;0.0113;6.57;0.0067;0.0479;0.00013;18.07;0.0047;5.91;0.0034;0.0288;1,00E-05
178;1254;PC;95.4;0.738;0.0;0.0;28.25;0.09452;16.07;141.5;38.81;0.0212;12.71;0.0127;0.0932;9,00E-05;34.93;0.0085;11.44;0.0064;0.0559;1,00E-05
179;1257;PC;72.7;0.327;0.0;0.0;11.8;0.09452;16.07;28.0;20.57;0.0112;6.73;0.0067;0.0494;5,00E-05;18.51;0.0045;6.06;0.0034;0.0296;0.0
180;1234;PC;62.8;0.232;0.0;0.0;8.14;0.09452;16.07;0.4;16.13;0.0088;5.28;0.0053;0.0388;4,00E-05;14.51;0.0035;4.75;0.0026;0.0233;0.0
181;1308;PC;101.6;0.471;0.0;0.0;23.96;0.09452;16.07;86.4;29.96;0.0163;9.81;0.0098;0.072;7,00E-05;26.96;0.0065;8.83;0.0049;0.0432;1,00E-05
182;1293;PC;75.7;0.346;0.0;0.0;13.07;0.09452;16.07;34.9;21.67;0.0118;7.1;0.0071;0.0521;5,00E-05;19.5;0.0047;6.39;0.0036;0.0312;0.0
183;1330;PC;99.9;0.396;0.0;0.0;20.67;0.09452;16.07;66.9;26.81;0.0147;8.78;0.0088;0.0645;6,00E-05;24.13;0.0059;7.9;0.0044;0.0387;1,00E-05
184;1315;PC;66.0;0.155;0.0;0.0;7.68;0.09452;16.07;-9.2;14.59;0.0079;4.78;0.0048;0.0352;5,00E-05;13.14;0.0032;4.3;0.0024;0.0211;0.0
185;1323;PC;70.3;0.233;0.0;0.0;10.2;0.09452;16.07;11.1;17.85;0.0112;5.82;0.0063;0.0415;0.00035;16.07;0.0053;5.23;0.0033;0.0252;3,00E-05
186;1367;PC;83.4;0.551;0.0;0.0;19.21;0.09452;16.07;86.6;29.99;0.0164;9.82;0.0098;0.072;7,00E-05;26.99;0.0065;8.84;0.0049;0.0432;1,00E-05
187;1361;PC;56.2;-0.429;0.0;0.0;2.44;0.09452;16.07;-53.6;7.46;0.0032;2.44;0.0028;0.0198;0.00019;6.71;0.0013;2.2;0.0014;0.0119;2,00E-05
188;1383;PC;104.6;0.512;0.0;0.0;26.44;0.09452;16.07;100.2;32.17;0.0176;10.53;0.0105;0.0773;7,00E-05;28.95;0.007;9.48;0.0053;0.0464;1,00E-05
189;1409;SUV;68.4;0.2;0.0;0.0;5.63;0.09452;20.32;36.9;27.82;0.0159;9.11;0.0101;0.072;0.00024;25.04;0.0064;8.2;0.0051;0.0432;2,00E-05
190;1371;PC;61.8;0.17;0.0;0.0;7.07;0.09452;16.07;-13.3;13.92;0.0076;4.56;0.0046;0.0335;3,00E-05;12.53;0.003;4.1;0.0023;0.0201;0.0
191;1379;PC;75.1;0.358;0.0;0.0;12.65;0.09452;16.07;37.8;22.15;0.0121;7.25;0.0073;0.0534;5,00E-05;19.93;0.0049;6.53;0.0036;0.032;1,00E-05
192;1387;PC;79.1;0.302;0.0;0.0;13.21;0.09452;16.07;28.4;20.63;0.0113;6.76;0.0068;0.0496;5,00E-05;18.57;0.0045;6.08;0.0034;0.0297;0.0
193;1384;PC;71.9;0.25;0.0;0.0;10.16;0.09452;16.07;10.7;17.8;0.0097;5.83;0.0058;0.0428;4,00E-05;16.02;0.0039;5.24;0.0029;0.0257;0.0
194;1403;PC;81.9;0.331;0.0;0.0;14.35;0.09452;16.07;43.0;22.98;0.0128;7.52;0.0076;0.0557;6,00E-05;20.68;0.0051;6.77;0.0038;0.0334;1,00E-05
195;1410;PC;98.3;0.502;0.0;0.0;23.29;0.09452;16.07;94.6;31.26;0.0173;10.24;0.0103;0.0756;7,00E-05;28.14;0.0069;9.21;0.0052;0.0454;1,00E-05
196;1428;PC;105.4;-0.584;0.0;0.0;7.04;0.09452;16.07;-41.7;9.36;0.0047;3.07;0.0033;0.0235;0.00012;8.43;0.0019;2.76;0.0016;0.0141;1,00E-05
197;1407;PC;87.3;0.363;0.0;0.0;15.54;0.09452;16.07;52.2;24.46;0.0136;8.01;0.0081;0.0594;6,00E-05;22.02;0.0054;7.21;0.0041;0.0356;1,00E-05
198;1426;PC;75.3;-0.163;0.0;0.0;5.19;0.09452;16.07;-38.9;9.82;0.0049;3.21;0.0034;0.0246;0.00011;8.84;0.002;2.89;0.0017;0.0147;1,00E-05
199;1435;PC;93.9;0.407;0.0;0.0;19.83;0.09452;16.07;65.4;26.57;0.0145;8.7;0.0087;0.0638;6,00E-05;23.91;0.0058;7.83;0.0044;0.0383;1,00E-05
200;1446;LCV;72.7;0.427;0.0;0.0;13.81;0.09452;25.33;1.9;25.81;0.019;8.35;0.0099;0.0574;0.00109;23.23;0.0103;7.52;0.0056;0.0355;0.00011
201;1473;PC;89.9;0.282;0.0;0.0;14.87;0.09452;16.07;31.0;21.05;0.0115;6.89;0.0069;0.0506;5,00E-05;18.95;0.0046;6.2;0.0034;0.0303;0.0
202;1475;PC;48.0;-0.712;0.0;0.0;14.37;0.09452;16.07;63.8;26.32;0.0136;8.62;0.0089;0.0649;0.00021;23.69;0.0054;7.76;0.0045;0.039;2,00E-05
203;1485;PC;66.3;0.319;0.0;0.0;11.1;0.09452;16.07;24.6;20.02;0.0109;6.55;0.0066;0.0481;5,00E-05;18.02;0.0044;5.9;0.0033;0.0289;0.0
204;1499;PC;80.2;-0.718;0.0;0.0;6.7;0.09452;16.07;-21.9;12.55;0.0061;4.1;0.0045;0.0321;0.0002;11.29;0.0025;3.69;0.0023;0.0194;2,00E-05
205;1517;MBT;85.9;-0.975;0.0;0.0;6.33;0.09452;25.61;-48.7;13.13;0.0148;4.13;0.0071;0.0255;0.00193;11.82;0.0105;3.72;0.0047;0.0171;0.00019
206;1480;PC;62.9;0.028;0.0;0.0;5.26;0.09452;16.07;-40.1;9.62;0.0052;3.15;0.0032;0.0232;3,00E-05;8.66;0.0021;2.83;0.0016;0.0139;0.0
207;1484;LCV;81.4;0.455;0.0;0.0;17.04;0.09452;25.33;14.6;29.03;0.0221;9.38;0.0114;0.0643;0.00135;26.13;0.0122;8.44;0.0066;0.0399;0.00014
208;1500;PC;76.9;-0.147;0.0;0.0;6.1;0.09452;16.07;-32.4;10.87;0.0057;3.56;0.0037;0.0267;7,00E-05;9.78;0.0023;3.2;0.0018;0.016;1,00E-05
209;1527;PC;75.3;0.261;0.0;0.0;11.25;0.09452;16.07;17.1;18.81;0.0102;6.16;0.0062;0.0452;5,00E-05;16.93;0.0041;5.54;0.0031;0.0271;0.0
210;1539;PC;93.2;0.464;0.0;0.0;20.22;0.09452;16.07;75.2;28.16;0.0154;9.22;0.0092;0.0676;6,00E-05;25.34;0.0061;8.3;0.0046;0.0406;1,00E-05
211;1516;PC;74.0;0.432;0.0;0.0;14.36;0.09452;16.07;55.5;24.98;0.0137;8.18;0.0082;0.0602;6,00E-05;22.48;0.0055;7.36;0.0041;0.0361;1,00E-05
212;1546;PC;72.4;0.156;0.0;0.0;8.24;0.09452;16.07;-5.0;15.27;0.0085;5.0;0.0051;0.0372;5,00E-05;13.74;0.0034;4.5;0.0026;0.0223;0.0
213;1582;PC;84.1;0.54;0.0;0.0;20.36;0.09452;16.07;94.2;31.21;0.017;10.22;0.0102;0.075;7,00E-05;28.09;0.0068;9.2;0.0051;0.045;1,00E-05
214;1577;PC;81.7;0.087;0.0;0.0;8.27;0.09452;16.07;-17.4;13.28;0.0074;4.35;0.0044;0.0322;3,00E-05;11.95;0.0029;3.91;0.0022;0.0193;0.0
215;1573;PC;95.8;0.485;0.0;0.0;21.29;0.09452;16.07;81.4;29.15;0.0159;9.55;0.0095;0.07;7,00E-05;26.24;0.0064;8.59;0.0048;0.042;1,00E-05
216;1567;PC;81.7;0.771;0.0;0.0;26.01;0.09452;16.07;165.4;42.64;0.0232;13.96;0.014;0.1025;0.00011;38.38;0.0093;12.57;0.007;0.0615;1,00E-05
217;1593;PC;90.5;0.365;0.0;0.0;17.17;0.09452;16.07;50.7;24.22;0.0132;7.93;0.0079;0.0582;5,00E-05;21.8;0.0053;7.14;0.004;0.0349;1,00E-05
218;1581;PC;83.1;0.393;0.0;0.0;15.56;0.09452;16.07;50.8;24.24;0.0132;7.94;0.0079;0.0582;5,00E-05;21.81;0.0053;7.14;0.004;0.0349;1,00E-05
219;1584;PC;77.1;0.457;0.0;0.0;15.66;0.09452;16.07;62.2;26.06;0.0142;8.53;0.0085;0.0626;6,00E-05;23.45;0.0057;7.68;0.0043;0.0376;1,00E-05
220;1604;PC;90.3;0.519;0.0;0.0;21.86;0.09452;16.07;89.0;30.37;0.0166;9.94;0.0099;0.0729;7,00E-05;27.33;0.0066;8.95;0.005;0.0438;1,00E-05
221;1603;PC;87.5;0.412;0.0;0.0;17.85;0.09452;16.07;60.1;25.73;0.014;8.43;0.0084;0.0618;6,00E-05;23.16;0.0056;7.58;0.0042;0.0371;1,00E-05
222;1617;PC;99.2;0.272;0.0;0.0;17.55;0.09452;16.07;39.2;22.36;0.0122;7.32;0.0073;0.0538;5,00E-05;20.13;0.0049;6.59;0.0037;0.0323;1,00E-05
223;1614;PC;84.4;0.319;0.0;0.0;14.52;0.09452;16.07;35.3;21.73;0.0119;7.12;0.0071;0.0522;5,00E-05;19.56;0.0047;6.4;0.0036;0.0313;0.0
224;1631;PC;81.8;0.248;0.0;0.0;12.4;0.09452;16.07;18.1;18.98;0.0103;6.21;0.0062;0.0456;4,00E-05;17.08;0.0041;5.59;0.0031;0.0274;0.0
225;1636;PC;86.3;0.464;0.0;0.0;19.36;0.09452;16.07;74.7;28.07;0.0153;9.19;0.0092;0.0674;7,00E-05;25.26;0.0061;8.27;0.0046;0.0405;1,00E-05
226;1640;LCV;66.7;-0.092;0.0;0.0;12.03;0.09452;25.33;5.2;26.65;0.0307;8.36;0.0139;0.0497;0.00371;23.99;0.0215;7.52;0.0095;0.034;0.00037
227;1657;PC;89.8;-0.374;0.0;0.0;6.62;0.09452;16.07;-33.0;10.76;0.0054;3.52;0.0037;0.0268;0.00011;9.68;0.0022;3.17;0.0019;0.0161;1,00E-05
228;1663;PC;81.9;0.486;0.0;0.0;17.27;0.09452;16.07;71.0;27.48;0.015;9.0;0.009;0.066;6,00E-05;24.73;0.006;8.1;0.0045;0.0396;1,00E-05
229;1671;PC;77.4;0.433;0.0;0.0;15.4;0.09452;16.07;62.8;26.15;0.0145;8.56;0.0087;0.0633;6,00E-05;23.54;0.0058;7.71;0.0043;0.038;1,00E-05
230;1670;PC;81.4;0.454;0.0;0.0;17.06;0.09452;16.07;65.3;26.57;0.0145;8.7;0.0087;0.0638;6,00E-05;23.91;0.0058;7.83;0.0044;0.0383;1,00E-05
231;1661;LCV;68.2;0.28;0.0;0.0;9.91;0.09452;25.33;-22.4;19.65;0.0146;6.36;0.0076;0.0437;0.00085;17.69;0.0079;5.72;0.0043;0.027;9,00E-05
232;1687;SUV;87.3;0.286;0.0;0.0;15.78;0.09452;20.32;13.6;23.09;0.013;7.56;0.0077;0.0563;6,00E-05;20.78;0.0052;6.8;0.0039;0.0338;1,00E-05
233;1684;LCV;58.3;-0.654;0.0;0.0;7.1;0.09452;25.33;-41.1;14.91;0.0089;4.82;0.0057;0.036;0.00057;13.42;0.0046;4.34;0.0033;0.0225;6,00E-05
234;1698;PC;94.0;0.463;0.0;0.0;21.77;0.09452;16.07;81.2;29.11;0.0159;9.53;0.0096;0.07;7,00E-05;26.2;0.0064;8.58;0.0048;0.042;1,00E-05
235;1686;PC;71.7;-0.331;0.0;0.0;3.48;0.09452;16.07;-57.4;6.84;0.0033;2.24;0.0024;0.0174;0.0001;6.16;0.0013;2.02;0.0012;0.0104;1,00E-05
236;1693;PC;63.1;-0.982;0.0;0.0;3.01;0.09452;16.07;-51.3;7.83;0.0032;2.56;0.003;0.0211;0.00023;7.05;0.0013;2.31;0.0015;0.0127;2,00E-05
237;1727;PC;107.3;0.484;0.0;0.0;24.1;0.09452;16.07;107.2;33.3;0.0223;10.83;0.0122;0.0776;0.00085;29.97;0.0109;9.75;0.0066;0.0473;8,00E-05
238;1728;PC;77.6;0.177;0.0;0.0;10.08;0.09452;16.07;11.8;17.96;0.0117;5.85;0.0065;0.0425;0.00037;16.17;0.0055;5.27;0.0035;0.0258;4,00E-05
239;1741;PC;97.2;0.531;0.0;0.0;24.81;0.09452;16.07;98.4;31.88;0.0174;10.44;0.0104;0.0766;7,00E-05;28.69;0.007;9.39;0.0052;0.0459;1,00E-05
240;1745;PC;78.8;0.14;0.0;0.0;9.4;0.09452;16.07;-2.6;15.64;0.0084;5.12;0.0052;0.0378;6,00E-05;14.08;0.0034;4.61;0.0026;0.0227;1,00E-05
241;1747;PC;83.5;0.363;0.0;0.0;15.24;0.09452;16.07;45.0;23.31;0.0127;7.63;0.0076;0.056;5,00E-05;20.98;0.0051;6.87;0.0038;0.0336;1,00E-05
242;1767;PC;71.7;0.37;0.0;0.0;13.99;0.09452;16.07;46.4;23.53;0.0129;7.7;0.0077;0.0567;6,00E-05;21.18;0.0052;6.93;0.0039;0.034;1,00E-05
243;1768;PC;75.9;0.352;0.0;0.0;15.0;0.09452;16.07;44.3;23.18;0.0126;7.59;0.0076;0.0557;5,00E-05;20.86;0.0051;6.83;0.0038;0.0334;1,00E-05
244;1797;PC;79.3;-0.717;0.0;0.0;12.61;0.09452;16.07;11.8;17.97;0.0092;5.88;0.0061;0.0445;0.00016;16.17;0.0037;5.3;0.0031;0.0267;2,00E-05
245;1764;PC;72.4;0.095;0.0;0.0;6.94;0.09452;16.07;-20.6;12.75;0.0069;4.18;0.0042;0.0308;5,00E-05;11.48;0.0027;3.76;0.0021;0.0185;0.0
246;1822;PC;105.4;0.719;0.0;0.0;32.41;0.09452;16.07;153.0;40.65;0.0222;13.31;0.0133;0.0976;9,00E-05;36.58;0.0089;11.98;0.0067;0.0586;1,00E-05
247;1800;PC;76.3;-0.378;0.0;0.0;3.92;0.09452;16.07;-45.3;8.78;0.0058;2.84;0.0036;0.0212;0.00049;7.9;0.0032;2.56;0.0021;0.0131;5,00E-05
248;1794;SUV;95.1;0.464;0.0;0.0;21.22;0.09452;20.32;53.5;31.2;0.0177;10.22;0.0105;0.0764;8,00E-05;28.08;0.0071;9.19;0.0053;0.0459;1,00E-05
249;1810;PC;78.1;0.22;0.0;0.0;10.64;0.09452;16.07;8.1;17.36;0.0095;5.69;0.0057;0.0418;4,00E-05;15.63;0.0038;5.12;0.0029;0.0251;0.0
250;1841;SUV;97.8;-0.637;0.0;0.0;13.65;0.09452;20.32;3.2;20.97;0.0117;6.86;0.0075;0.0534;0.00017;18.87;0.0047;6.17;0.0038;0.0321;2,00E-05
251;1829;PC;68.8;0.16;0.0;0.0;8.86;0.09452;16.07;1.4;16.29;0.0091;5.33;0.0055;0.0399;5,00E-05;14.66;0.0037;4.8;0.0027;0.0239;0.0
252;1849;PC;102.2;0.449;0.0;0.0;22.81;0.09452;16.07;79.6;28.86;0.0157;9.45;0.0095;0.0693;7,00E-05;25.97;0.0063;8.5;0.0047;0.0416;1,00E-05
253;1863;PC;104.1;0.61;0.0;0.0;27.91;0.09452;16.07;118.7;35.15;0.0192;11.51;0.0115;0.0844;8,00E-05;31.63;0.0077;10.36;0.0058;0.0506;1,00E-05
254;1862;LCV;73.0;0.305;0.0;0.0;12.69;0.09452;25.33;-8.4;23.21;0.02;7.45;0.0097;0.0491;0.00158;20.89;0.012;6.71;0.0059;0.031;0.00016
255;1858;PC;87.3;0.437;0.0;0.0;18.24;0.09452;16.07;74.2;27.99;0.0156;9.16;0.0093;0.0681;7,00E-05;25.19;0.0063;8.25;0.0047;0.0408;1,00E-05
256;1878;PC;109.1;0.702;0.0;0.0;31.27;0.09452;16.07;160.3;41.83;0.0235;13.7;0.014;0.1021;0.0001;37.64;0.0094;12.33;0.007;0.0613;1,00E-05
257;1915;SUV;55.5;0.191;0.0;0.0;3.99;0.09452;20.32;31.4;26.7;0.0276;8.48;0.0131;0.0548;0.00298;24.03;0.0182;7.63;0.0084;0.0357;0.0003
258;1899;PC;78.5;-0.601;0.0;0.0;12.42;0.09452;16.07;22.7;19.71;0.0101;6.45;0.0067;0.0488;0.00018;17.74;0.0041;5.8;0.0034;0.0294;2,00E-05
259;1896;PC;88.5;0.279;0.0;0.0;14.39;0.09452;16.07;32.5;21.28;0.0117;6.97;0.007;0.0514;5,00E-05;19.16;0.0047;6.27;0.0035;0.0309;1,00E-05
260;1912;SUV;89.4;0.321;0.0;0.0;16.56;0.09452;20.32;22.6;24.92;0.0141;8.16;0.0084;0.061;6,00E-05;22.43;0.0056;7.34;0.0042;0.0366;1,00E-05
261;1914;PC;79.3;0.281;0.0;0.0;12.95;0.09452;16.07;25.4;20.15;0.011;6.6;0.0066;0.0484;5,00E-05;18.14;0.0044;5.94;0.0033;0.029;0.0
262;1933;PC;84.8;0.404;0.0;0.0;17.28;0.09452;16.07;57.4;25.3;0.0138;8.28;0.0083;0.0608;6,00E-05;22.77;0.0055;7.45;0.0041;0.0365;1,00E-05
263;1925;LCV;63.2;-0.248;0.0;0.0;5.54;0.09452;25.33;-51.7;12.24;0.0057;3.98;0.0044;0.0312;0.00021;11.01;0.0024;3.58;0.0024;0.0193;2,00E-05
264;2001;PC;98.9;0.353;0.0;0.0;13.34;0.09452;16.07;205.0;49.01;0.0296;16.05;0.0177;0.1261;0.00024;44.11;0.0118;14.44;0.0088;0.0757;2,00E-05
265;1950;PC;71.3;0.442;0.0;0.0;13.76;0.09452;16.07;55.1;24.92;0.0136;8.16;0.0082;0.06;6,00E-05;22.43;0.0054;7.34;0.0041;0.036;1,00E-05
266;1988;PC;107.5;0.536;0.0;0.0;27.89;0.09452;16.07;106.8;33.23;0.0181;10.88;0.0109;0.0798;7,00E-05;29.91;0.0073;9.79;0.0054;0.0479;1,00E-05
267;1991;PC;71.8;0.169;0.0;0.0;8.71;0.09452;16.07;-7.5;14.87;0.0081;4.87;0.0049;0.0357;3,00E-05;13.38;0.0032;4.38;0.0024;0.0214;0.0
268;1994;PC;87.9;0.112;0.0;0.0;12.67;0.09452;16.07;9.5;17.59;0.0095;5.76;0.0058;0.0424;6,00E-05;15.83;0.0038;5.18;0.0029;0.0255;1,00E-05
269;2002;PC;71.6;0.461;0.0;0.0;14.53;0.09452;16.07;59.0;25.55;0.0139;8.37;0.0084;0.0614;6,00E-05;23.0;0.0056;7.53;0.0042;0.0368;1,00E-05
270;2013;PC;73.4;0.414;0.0;0.0;14.39;0.09452;16.07;51.3;24.32;0.0133;7.96;0.008;0.0584;6,00E-05;21.88;0.0053;7.17;0.004;0.035;1,00E-05
271;2021;PC;73.8;0.308;0.0;0.0;12.1;0.09452;16.07;26.8;20.37;0.0111;6.67;0.0067;0.0489;5,00E-05;18.34;0.0044;6.0;0.0033;0.0294;0.0
272;2036;PC;77.1;0.175;0.0;0.0;9.34;0.09452;16.07;-2.9;15.6;0.0085;5.11;0.0051;0.0375;4,00E-05;14.04;0.0034;4.6;0.0026;0.0225;0.0
273;2038;SUV;74.0;0.225;0.0;0.0;12.48;0.09452;20.32;18.1;24.01;0.0142;7.86;0.0084;0.0604;8,00E-05;21.61;0.0057;7.07;0.0042;0.0362;1,00E-05
274;2050;PC;84.0;0.405;0.0;0.0;16.76;0.09452;16.07;56.1;25.09;0.0137;8.22;0.0082;0.0603;6,00E-05;22.58;0.0055;7.39;0.0041;0.0362;1,00E-05
275;2058;PC;98.9;-0.461;0.0;0.0;7.59;0.09452;16.07;-26.4;11.83;0.0063;3.87;0.0042;0.03;0.00012;10.65;0.0025;3.49;0.0021;0.018;1,00E-05
276;2055;PC;92.0;0.672;0.0;0.0;23.71;0.09452;16.07;128.4;36.69;0.0204;12.01;0.0122;0.089;9,00E-05;33.02;0.0082;10.81;0.0061;0.0534;1,00E-05
277;2070;PC;102.3;0.613;0.0;0.0;28.56;0.09452;16.07;122.7;35.79;0.0196;11.72;0.0117;0.0861;8,00E-05;32.21;0.0078;10.55;0.0059;0.0516;1,00E-05
278;2071;PC;79.5;0.454;0.0;0.0;16.51;0.09452;16.07;70.1;27.33;0.0185;8.88;0.01;0.0623;0.00081;24.6;0.0093;7.99;0.0055;0.0382;8,00E-05
279;2081;LCV;76.9;-0.436;0.0;0.0;4.05;0.09452;25.33;-61.8;9.67;0.0096;3.07;0.0047;0.0203;0.00105;8.71;0.0063;2.76;0.003;0.0133;0.0001
280;2074;PC;99.7;0.524;0.0;0.0;24.48;0.09452;16.07;99.8;32.11;0.0177;10.51;0.0106;0.0775;7,00E-05;28.9;0.0071;9.46;0.0053;0.0465;1,00E-05
281;2100;PC;66.8;-0.138;0.0;0.0;13.93;0.09452;16.07;49.1;23.97;0.0125;7.85;0.0081;0.0589;0.00018;21.57;0.005;7.06;0.0041;0.0353;2,00E-05
282;2082;PC;77.9;0.238;0.0;0.0;11.12;0.09452;16.07;12.2;18.02;0.0098;5.9;0.0059;0.0433;4,00E-05;16.22;0.0039;5.31;0.003;0.026;0.0
283;2084;PC;72.6;0.246;0.0;0.0;10.19;0.09452;16.07;12.3;18.04;0.0098;5.91;0.0059;0.0435;5,00E-05;16.24;0.0039;5.32;0.003;0.0261;0.0
284;2095;PC;79.4;0.375;0.0;0.0;14.6;0.09452;16.07;44.6;23.23;0.0127;7.61;0.0076;0.0558;5,00E-05;20.91;0.0051;6.85;0.0038;0.0335;1,00E-05
285;2080;PC;69.3;0.316;0.0;0.0;10.96;0.09452;16.07;29.1;20.75;0.0142;6.74;0.0076;0.0472;0.00064;18.67;0.0072;6.06;0.0042;0.0289;6,00E-05
286;2115;PC;76.0;0.302;0.0;0.0;12.35;0.09452;16.07;30.7;21.0;0.0135;6.84;0.0075;0.0485;0.00048;18.9;0.0065;6.15;0.004;0.0296;5,00E-05
287;2133;HV;73.8;0.213;0.0;0.0;13.07;0.09452;88.66;-77.3;20.14;0.0112;6.59;0.0068;0.0484;0.00018;18.13;0.0047;5.93;0.0035;0.0291;2,00E-05
288;2174;HV;60.3;-0.664;0.0;0.0;13.36;0.09452;88.66;-75.9;21.37;0.011;7.0;0.0073;0.0527;0.00018;19.23;0.0044;6.3;0.0036;0.0316;2,00E-05
289;2159;PC;76.3;-0.949;0.0;0.0;5.01;0.09452;16.07;-31.8;10.95;0.005;3.59;0.004;0.0285;0.00023;9.86;0.002;3.23;0.002;0.0171;2,00E-05
290;2161;PC;81.9;0.106;0.0;0.0;9.23;0.09452;16.07;-10.4;14.4;0.0077;4.72;0.0048;0.0349;6,00E-05;12.96;0.0031;4.24;0.0024;0.0209;1,00E-05
291;2143;MBT;57.7;-0.999;0.0;0.0;2.86;0.09452;25.61;-60.7;10.06;0.0082;3.21;0.0049;0.0232;0.0011;9.05;0.0055;2.89;0.0031;0.0149;0.00011
292;2142;PC;71.4;0.314;0.0;0.0;11.6;0.09452;16.07;32.5;21.29;0.0119;6.97;0.0071;0.0518;5,00E-05;19.16;0.0048;6.27;0.0035;0.0311;1,00E-05
293;2172;MBT;81.6;0.387;0.0;0.0;16.86;0.09452;25.61;-2.1;25.09;0.0137;8.21;0.0082;0.0603;6,00E-05;22.58;0.0055;7.39;0.0041;0.0362;1,00E-05
294;2175;PC;80.7;-0.741;0.0;0.0;5.21;0.09452;16.07;-36.2;10.25;0.0048;3.36;0.0037;0.0265;0.0002;9.22;0.0019;3.02;0.0019;0.0159;2,00E-05
295;2171;LCV;72.2;-0.257;0.0;0.0;6.69;0.09452;25.33;-35.8;16.27;0.0191;5.07;0.0089;0.0304;0.00252;14.64;0.0138;4.56;0.0062;0.0212;0.00025
296;2186;PC;82.4;0.19;0.0;0.0;11.16;0.09452;16.07;5.3;16.92;0.0092;5.54;0.0055;0.0407;4,00E-05;15.22;0.0037;4.98;0.0028;0.0244;0.0
297;2199;PC;82.8;-0.314;0.0;0.0;5.91;0.09452;16.07;-35.0;10.44;0.0052;3.42;0.0036;0.0261;0.00012;9.4;0.0021;3.08;0.0018;0.0157;1,00E-05
298;2157;PC;64.3;0.311;0.0;0.0;9.68;0.09452;16.07;20.6;19.38;0.0106;6.35;0.0064;0.0467;5,00E-05;17.44;0.0042;5.71;0.0032;0.028;0.0
299;2177;LCV;85.9;0.681;0.0;0.0;24.72;0.09452;25.33;64.4;41.64;0.0406;13.28;0.0188;0.0835;0.00381;37.48;0.0259;11.95;0.0119;0.0539;0.00038
300;2204;PC;79.8;0.239;0.0;0.0;11.81;0.09452;16.07;14.6;18.41;0.01;6.03;0.006;0.0442;4,00E-05;16.57;0.004;5.43;0.003;0.0265;0.0
301;2217;PC;84.0;0.499;0.0;0.0;17.61;0.09452;16.07;76.1;28.29;0.0154;9.26;0.0093;0.068;7,00E-05;25.46;0.0062;8.34;0.0046;0.0408;1,00E-05
302;2225;PC;61.8;-1.222;0.0;0.0;4.61;0.09452;16.07;-38.8;9.83;0.0047;3.22;0.0037;0.026;0.0002;8.85;0.0019;2.9;0.0018;0.0156;2,00E-05
303;2208;PC;75.6;0.247;0.0;0.0;10.83;0.09452;16.07;12.1;18.01;0.0098;5.9;0.0059;0.0433;4,00E-05;16.21;0.0039;5.31;0.003;0.026;0.0
304;2228;PC;81.8;0.259;0.0;0.0;12.43;0.09452;16.07;27.7;20.52;0.0154;6.63;0.008;0.0453;0.00093;18.47;0.0085;5.97;0.0046;0.0281;9,00E-05
305;2241;PC;75.1;0.2;0.0;0.0;10.1;0.09452;16.07;3.4;16.61;0.0091;5.44;0.0055;0.04;4,00E-05;14.95;0.0036;4.9;0.0027;0.024;0.0
306;2272;HV;68.7;-0.36;0.0;0.0;12.98;0.09452;88.66;-76.6;20.77;0.0107;6.8;0.0071;0.0513;0.00018;18.69;0.0043;6.12;0.0035;0.0308;2,00E-05
307;2261;PC;68.0;0.248;0.0;0.0;9.81;0.09452;16.07;12.7;18.12;0.01;5.93;0.006;0.0438;4,00E-05;16.3;0.004;5.34;0.003;0.0263;0.0
308;2300;PC;70.0;0.318;0.0;0.0;10.58;0.09452;16.07;22.8;19.74;0.0108;6.46;0.0065;0.0474;5,00E-05;17.76;0.0043;5.82;0.0032;0.0285;0.0
309;2314;LCV;69.2;-0.254;0.0;0.0;4.0;0.09452;25.33;-59.2;10.34;0.0121;3.23;0.0055;0.0192;0.00154;9.3;0.0086;2.91;0.0038;0.0133;0.00015
310;2333;PC;58.6;0.157;0.0;0.0;25.76;0.09452;16.07;120.5;35.43;0.0191;11.6;0.0117;0.0857;0.00013;31.88;0.0076;10.44;0.0059;0.0514;1,00E-05
311;2341;HV;42.3;-0.567;0.0;0.0;14.53;0.09452;88.66;-68.4;28.0;0.0179;9.1;0.0104;0.0658;0.0009;25.2;0.0089;8.19;0.0057;0.0402;9,00E-05
312;2367;PC;65.7;0.125;0.0;0.0;6.87;0.09452;16.07;-17.9;13.2;0.0085;4.29;0.0047;0.0305;0.00031;11.88;0.0041;3.87;0.0025;0.0186;3,00E-05
313;2393;PC;71.7;-0.098;0.0;0.0;15.97;0.09452;16.07;46.2;23.5;0.0123;7.69;0.0079;0.0575;0.00015;21.15;0.0049;6.92;0.004;0.0345;2,00E-05
314;2395;PC;78.5;-0.502;0.0;0.0;3.85;0.09452;16.07;-52.6;7.62;0.0037;2.49;0.0028;0.0197;0.00013;6.86;0.0015;2.25;0.0014;0.0118;1,00E-05
315;2398;MBT;64.0;-0.453;0.0;0.0;11.26;0.09452;25.61;-19.1;20.72;0.0114;6.77;0.0074;0.0506;0.00038;18.65;0.005;6.09;0.0038;0.0306;4,00E-05
316;2428;MBT;84.6;0.193;0.0;0.0;12.75;0.09452;25.61;-28.3;18.37;0.0103;6.01;0.0061;0.0438;0.00011;16.53;0.0043;5.41;0.0031;0.0264;1,00E-05
317;2441;PC;85.9;0.301;0.0;0.0;14.81;0.09452;16.07;34.5;21.62;0.0118;7.08;0.0071;0.0519;5,00E-05;19.46;0.0047;6.37;0.0035;0.0312;0.0
318;2418;PC;71.5;0.355;0.0;0.0;12.96;0.09452;16.07;40.7;22.61;0.0125;7.4;0.0075;0.0546;5,00E-05;20.35;0.005;6.66;0.0037;0.0328;1,00E-05
319;2472;PC;139.6;0.476;0.0;0.0;26.8;0.09452;16.07;289.7;62.63;0.0368;20.51;0.022;0.1579;0.00024;56.36;0.0147;18.46;0.011;0.0947;2,00E-05
320;2413;PC;75.1;0.389;0.0;0.0;13.65;0.09452;16.07;44.8;23.27;0.0127;7.62;0.0076;0.056;6,00E-05;20.94;0.0051;6.86;0.0038;0.0336;1,00E-05
321;2435;LCV;71.3;0.321;0.0;0.0;12.06;0.09452;25.33;-11.0;22.55;0.0186;7.26;0.0092;0.0483;0.00137;20.3;0.0109;6.53;0.0055;0.0303;0.00014
322;2445;PC;84.2;0.356;0.0;0.0;15.11;0.09452;16.07;45.2;23.33;0.0128;7.64;0.0077;0.0562;5,00E-05;21.0;0.0051;6.88;0.0038;0.0337;1,00E-05
323;2474;MBT;80.8;0.237;0.0;0.0;29.7;0.09452;25.61;44.3;36.95;0.0239;12.01;0.0133;0.0856;0.00096;33.26;0.0117;10.81;0.0073;0.0523;0.0001
324;2486;PC;108.1;-0.024;0.0;0.0;12.62;0.09452;16.07;1.4;16.3;0.0097;5.32;0.0057;0.0385;0.00027;14.67;0.0044;4.79;0.003;0.0233;3,00E-05
325;2479;MBT;60.1;-1.138;0.0;0.0;3.03;0.09452;25.61;-63.3;9.41;0.0039;3.08;0.0036;0.0254;0.00028;8.47;0.0016;2.77;0.0018;0.0153;3,00E-05
326;2505;PC;66.3;-0.41;0.0;0.0;3.04;0.09452;16.07;-54.0;7.39;0.0045;2.4;0.003;0.0182;0.00036;6.65;0.0024;2.16;0.0016;0.0111;4,00E-05
327;2493;PC;73.6;0.306;0.0;0.0;11.71;0.09452;16.07;24.6;20.01;0.0109;6.55;0.0066;0.0481;5,00E-05;18.01;0.0044;5.9;0.0033;0.0288;0.0
328;2532;PC;78.4;0.19;0.0;0.0;10.24;0.09452;16.07;2.6;16.48;0.009;5.4;0.0054;0.0396;4,00E-05;14.83;0.0036;4.86;0.0027;0.0238;0.0
329;2538;PC;87.1;0.281;0.0;0.0;13.45;0.09452;16.07;26.6;20.34;0.0111;6.66;0.0067;0.0489;5,00E-05;18.31;0.0044;6.0;0.0033;0.0293;0.0
330;2563;SUV;106.7;0.448;0.0;0.0;25.63;0.09452;20.32;107.3;42.13;0.0262;13.78;0.0152;0.1065;0.00031;37.92;0.0109;12.4;0.0077;0.064;3,00E-05
331;2594;SUV;104.7;0.442;0.0;0.0;18.72;0.09452;20.32;129.1;46.56;0.0304;15.19;0.0173;0.1169;0.00067;41.9;0.0134;13.67;0.009;0.0708;7,00E-05
332;2535;PC;77.1;0.514;0.0;0.0;17.18;0.09452;16.07;76.8;28.4;0.0155;9.3;0.0093;0.0682;7,00E-05;25.56;0.0062;8.37;0.0047;0.0409;1,00E-05
333;2577;MBT;83.1;-1.188;0.0;0.0;3.04;0.09452;25.61;-71.8;7.22;0.003;2.36;0.0028;0.0195;0.00021;6.5;0.0012;2.13;0.0014;0.0117;2,00E-05
334;2617;PC;89.3;0.27;0.0;0.0;10.17;0.09452;16.07;66.7;26.78;0.014;8.75;0.009;0.0654;0.00017;24.1;0.0057;7.87;0.0046;0.0397;2,00E-05
335;2541;SUV;66.9;0.257;0.0;0.0;9.56;0.09452;20.32;-6.1;19.08;0.0108;6.25;0.0064;0.0467;5,00E-05;17.17;0.0043;5.62;0.0032;0.028;0.0
336;2558;LCV;67.7;0.221;0.0;0.0;9.22;0.09452;25.33;-30.8;17.54;0.0126;5.68;0.0066;0.0393;0.00067;15.78;0.0067;5.11;0.0037;0.0242;7,00E-05
337;2590;MBT;96.9;0.516;0.0;0.0;24.45;0.09452;25.61;23.3;31.58;0.0176;10.33;0.0105;0.0755;0.00016;28.43;0.0073;9.3;0.0053;0.0454;2,00E-05
338;2571;PC;73.6;0.465;0.0;0.0;14.48;0.09452;16.07;59.3;25.59;0.014;8.38;0.0084;0.0615;6,00E-05;23.03;0.0056;7.54;0.0042;0.0369;1,00E-05
339;2582;PC;67.7;0.091;0.0;0.0;6.7;0.09452;16.07;-24.3;12.16;0.0066;3.98;0.004;0.0294;4,00E-05;10.94;0.0026;3.58;0.002;0.0176;0.0
340;2615;SUV;73.4;-0.356;0.0;0.0;6.72;0.09452;20.32;-18.1;16.63;0.0096;5.44;0.0062;0.0435;0.00022;14.97;0.0039;4.89;0.0032;0.0262;2,00E-05
341;2630;PC;97.5;0.073;0.0;0.0;13.32;0.09452;16.07;14.7;18.44;0.0102;6.04;0.0063;0.0455;9,00E-05;16.59;0.0041;5.43;0.0031;0.0273;1,00E-05
342;2609;LCV;69.6;-0.799;0.0;0.0;8.11;0.09452;25.33;-33.2;16.91;0.0142;5.39;0.0076;0.0368;0.00143;15.22;0.009;4.85;0.0048;0.0239;0.00014
343;2597;PC;70.4;0.19;0.0;0.0;9.21;0.09452;16.07;1.4;16.29;0.009;5.33;0.0054;0.0394;4,00E-05;14.66;0.0036;4.8;0.0027;0.0237;0.0
344;2640;PC;85.4;0.035;0.0;0.0;8.41;0.09452;16.07;-8.3;14.74;0.0081;4.83;0.005;0.0364;8,00E-05;13.26;0.0032;4.34;0.0025;0.0219;1,00E-05
345;2651;MBT;85.9;0.516;0.0;0.0;20.84;0.09452;25.61;16.9;29.93;0.0163;9.8;0.0098;0.0719;7,00E-05;26.94;0.0065;8.82;0.0049;0.0431;1,00E-05
346;2646;PC;77.9;0.321;0.0;0.0;13.07;0.09452;16.07;31.3;21.1;0.0115;6.91;0.0069;0.0507;5,00E-05;18.99;0.0046;6.22;0.0035;0.0304;0.0
347;2612;SUV;76.5;0.4;0.0;0.0;14.2;0.09452;20.32;29.4;26.3;0.015;8.61;0.0089;0.0647;7,00E-05;23.67;0.006;7.75;0.0045;0.0388;1,00E-05
348;2676;PC;86.3;0.385;0.0;0.0;17.03;0.09452;16.07;54.3;24.79;0.0135;8.12;0.0081;0.0595;6,00E-05;22.31;0.0054;7.3;0.0041;0.0357;1,00E-05
349;2666;PC;66.0;0.334;0.0;0.0;11.2;0.09452;16.07;31.7;21.15;0.0117;6.93;0.007;0.0512;5,00E-05;19.04;0.0047;6.23;0.0035;0.0307;1,00E-05
350;2682;LCV;81.6;0.354;0.0;0.0;16.24;0.09452;25.33;23.4;31.25;0.0403;9.76;0.017;0.0535;0.00493;28.12;0.0287;8.79;0.0118;0.037;0.00049
351;2683;LCV;71.4;0.412;0.0;0.0;13.04;0.09452;25.33;-2.3;24.74;0.0176;8.02;0.0093;0.0556;0.00093;22.26;0.0093;7.21;0.0052;0.0342;9,00E-05
352;2700;MBT;87.8;-0.499;0.0;0.0;13.14;0.09452;25.61;-26.5;18.82;0.0107;6.14;0.0067;0.0456;0.00037;16.94;0.0048;5.53;0.0035;0.0276;4,00E-05
353;2702;LCV;71.0;0.156;0.0;0.0;8.3;0.09452;25.33;-31.2;17.44;0.0163;5.57;0.0078;0.0359;0.00151;15.7;0.0102;5.01;0.0049;0.023;0.00015
354;2711;SUV;69.1;0.298;0.0;0.0;10.59;0.09452;20.32;6.8;21.71;0.0124;7.11;0.0074;0.0536;6,00E-05;19.54;0.005;6.4;0.0037;0.0321;1,00E-05
355;2714;PC;96.3;0.473;0.0;0.0;22.22;0.09452;16.07;82.1;29.26;0.016;9.58;0.0096;0.0703;7,00E-05;26.33;0.0064;8.62;0.0048;0.0422;1,00E-05
356;2698;PC;78.4;0.382;0.0;0.0;14.4;0.09452;16.07;45.2;23.33;0.0127;7.64;0.0076;0.056;5,00E-05;21.0;0.0051;6.87;0.0038;0.0336;1,00E-05
357;2713;LCV;66.2;-0.01;0.0;0.0;6.09;0.09452;25.33;-43.2;14.38;0.0134;4.59;0.0066;0.03;0.00134;12.94;0.0085;4.13;0.0041;0.0193;0.00013
358;2727;PC;86.0;0.382;0.0;0.0;16.62;0.09452;16.07;51.7;24.37;0.0133;7.98;0.008;0.0585;6,00E-05;21.94;0.0053;7.18;0.004;0.0351;1,00E-05
359;2726;PC;63.6;0.004;0.0;0.0;4.96;0.09452;16.07;-30.5;11.16;0.0058;3.66;0.0038;0.0277;9,00E-05;10.05;0.0023;3.29;0.0019;0.0166;1,00E-05
360;2747;PC;57.9;-0.701;0.0;0.0;3.72;0.09452;16.07;-27.6;11.64;0.0053;3.81;0.0044;0.0311;0.00028;10.48;0.0021;3.43;0.0022;0.0186;3,00E-05
361;2744;SUV;81.3;-1.044;0.0;0.0;3.97;0.09452;20.32;-47.6;10.66;0.0055;3.49;0.0041;0.0289;0.00022;9.59;0.0022;3.14;0.0021;0.0174;2,00E-05
362;2731;PC;87.9;0.445;0.0;0.0;19.03;0.09452;16.07;72.1;27.66;0.0167;9.02;0.0095;0.0649;0.00041;24.89;0.0076;8.12;0.005;0.0393;4,00E-05
363;2728;PC;59.8;-0.129;0.0;0.0;3.07;0.09452;16.07;-48.6;8.26;0.0041;2.71;0.0029;0.0211;0.00011;7.44;0.0017;2.43;0.0015;0.0126;1,00E-05
364;2739;PC;70.7;0.123;0.0;0.0;7.21;0.09452;16.07;-19.1;13.0;0.007;4.26;0.0043;0.0313;4,00E-05;11.7;0.0028;3.83;0.0021;0.0188;0.0
365;2757;PC;87.2;0.272;0.0;0.0;14.0;0.09452;16.07;26.9;20.39;0.0111;6.68;0.0067;0.049;5,00E-05;18.35;0.0044;6.01;0.0033;0.0294;0.0
366;2754;PC;67.2;0.231;0.0;0.0;9.14;0.09452;16.07;4.1;16.72;0.0091;5.48;0.0055;0.0402;4,00E-05;15.05;0.0036;4.93;0.0027;0.0241;0.0
367;2755;PC;64.8;0.199;0.0;0.0;7.65;0.09452;16.07;-5.2;15.23;0.0083;4.99;0.005;0.0366;4,00E-05;13.7;0.0033;4.49;0.0025;0.022;0.0
368;2800;LCV;77.3;-1.177;0.0;0.0;3.15;0.09452;25.33;-66.2;8.55;0.0048;2.75;0.0036;0.0216;0.00048;7.7;0.0027;2.47;0.0021;0.0137;5,00E-05
369;2766;PC;69.8;0.264;0.0;0.0;10.06;0.09452;16.07;12.5;18.08;0.0098;5.92;0.0059;0.0435;4,00E-05;16.27;0.0039;5.33;0.003;0.0261;0.0
